Id,${dim.label},Total; Estimate; Total population,Total; Margin of Error; Total population,Male; Estimate; Total population,Male; Margin of Error; Total population,Female; Estimate; Total population,Female; Margin of Error; Total population,Total; Estimate; AGE - Under 5 years,Total; Margin of Error; AGE - Under 5 years,Male; Estimate; AGE - Under 5 years,Male; Margin of Error; AGE - Under 5 years,Female; Estimate; AGE - Under 5 years,Female; Margin of Error; AGE - Under 5 years,Total; Estimate; AGE - 5 to 9 years,Total; Margin of Error; AGE - 5 to 9 years,Male; Estimate; AGE - 5 to 9 years,Male; Margin of Error; AGE - 5 to 9 years,Female; Estimate; AGE - 5 to 9 years,Female; Margin of Error; AGE - 5 to 9 years,Total; Estimate; AGE - 10 to 14 years,Total; Margin of Error; AGE - 10 to 14 years,Male; Estimate; AGE - 10 to 14 years,Male; Margin of Error; AGE - 10 to 14 years,Female; Estimate; AGE - 10 to 14 years,Female; Margin of Error; AGE - 10 to 14 years,Total; Estimate; AGE - 15 to 19 years,Total; Margin of Error; AGE - 15 to 19 years,Male; Estimate; AGE - 15 to 19 years,Male; Margin of Error; AGE - 15 to 19 years,Female; Estimate; AGE - 15 to 19 years,Female; Margin of Error; AGE - 15 to 19 years,Total; Estimate; AGE - 20 to 24 years,Total; Margin of Error; AGE - 20 to 24 years,Male; Estimate; AGE - 20 to 24 years,Male; Margin of Error; AGE - 20 to 24 years,Female; Estimate; AGE - 20 to 24 years,Female; Margin of Error; AGE - 20 to 24 years,Total; Estimate; AGE - 25 to 29 years,Total; Margin of Error; AGE - 25 to 29 years,Male; Estimate; AGE - 25 to 29 years,Male; Margin of Error; AGE - 25 to 29 years,Female; Estimate; AGE - 25 to 29 years,Female; Margin of Error; AGE - 25 to 29 years,Total; Estimate; AGE - 30 to 34 years,Total; Margin of Error; AGE - 30 to 34 years,Male; Estimate; AGE - 30 to 34 years,Male; Margin of Error; AGE - 30 to 34 years,Female; Estimate; AGE - 30 to 34 years,Female; Margin of Error; AGE - 30 to 34 years,Total; Estimate; AGE - 35 to 39 years,Total; Margin of Error; AGE - 35 to 39 years,Male; Estimate; AGE - 35 to 39 years,Male; Margin of Error; AGE - 35 to 39 years,Female; Estimate; AGE - 35 to 39 years,Female; Margin of Error; AGE - 35 to 39 years,Total; Estimate; AGE - 40 to 44 years,Total; Margin of Error; AGE - 40 to 44 years,Male; Estimate; AGE - 40 to 44 years,Male; Margin of Error; AGE - 40 to 44 years,Female; Estimate; AGE - 40 to 44 years,Female; Margin of Error; AGE - 40 to 44 years,Total; Estimate; AGE - 45 to 49 years,Total; Margin of Error; AGE - 45 to 49 years,Male; Estimate; AGE - 45 to 49 years,Male; Margin of Error; AGE - 45 to 49 years,Female; Estimate; AGE - 45 to 49 years,Female; Margin of Error; AGE - 45 to 49 years,Total; Estimate; AGE - 50 to 54 years,Total; Margin of Error; AGE - 50 to 54 years,Male; Estimate; AGE - 50 to 54 years,Male; Margin of Error; AGE - 50 to 54 years,Female; Estimate; AGE - 50 to 54 years,Female; Margin of Error; AGE - 50 to 54 years,Total; Estimate; AGE - 55 to 59 years,Total; Margin of Error; AGE - 55 to 59 years,Male; Estimate; AGE - 55 to 59 years,Male; Margin of Error; AGE - 55 to 59 years,Female; Estimate; AGE - 55 to 59 years,Female; Margin of Error; AGE - 55 to 59 years,Total; Estimate; AGE - 60 to 64 years,Total; Margin of Error; AGE - 60 to 64 years,Male; Estimate; AGE - 60 to 64 years,Male; Margin of Error; AGE - 60 to 64 years,Female; Estimate; AGE - 60 to 64 years,Female; Margin of Error; AGE - 60 to 64 years,Total; Estimate; AGE - 65 to 69 years,Total; Margin of Error; AGE - 65 to 69 years,Male; Estimate; AGE - 65 to 69 years,Male; Margin of Error; AGE - 65 to 69 years,Female; Estimate; AGE - 65 to 69 years,Female; Margin of Error; AGE - 65 to 69 years,Total; Estimate; AGE - 70 to 74 years,Total; Margin of Error; AGE - 70 to 74 years,Male; Estimate; AGE - 70 to 74 years,Male; Margin of Error; AGE - 70 to 74 years,Female; Estimate; AGE - 70 to 74 years,Female; Margin of Error; AGE - 70 to 74 years,Total; Estimate; AGE - 75 to 79 years,Total; Margin of Error; AGE - 75 to 79 years,Male; Estimate; AGE - 75 to 79 years,Male; Margin of Error; AGE - 75 to 79 years,Female; Estimate; AGE - 75 to 79 years,Female; Margin of Error; AGE - 75 to 79 years,Total; Estimate; AGE - 80 to 84 years,Total; Margin of Error; AGE - 80 to 84 years,Male; Estimate; AGE - 80 to 84 years,Male; Margin of Error; AGE - 80 to 84 years,Female; Estimate; AGE - 80 to 84 years,Female; Margin of Error; AGE - 80 to 84 years,Total; Estimate; AGE - 85 years and over,Total; Margin of Error; AGE - 85 years and over,Male; Estimate; AGE - 85 years and over,Male; Margin of Error; AGE - 85 years and over,Female; Estimate; AGE - 85 years and over,Female; Margin of Error; AGE - 85 years and over,Total; Estimate; SELECTED AGE CATEGORIES - 5 to 14 years,Total; Margin of Error; SELECTED AGE CATEGORIES - 5 to 14 years,Male; Estimate; SELECTED AGE CATEGORIES - 5 to 14 years,Male; Margin of Error; SELECTED AGE CATEGORIES - 5 to 14 years,Female; Estimate; SELECTED AGE CATEGORIES - 5 to 14 years,Female; Margin of Error; SELECTED AGE CATEGORIES - 5 to 14 years,Total; Estimate; SELECTED AGE CATEGORIES - 15 to 17 years,Total; Margin of Error; SELECTED AGE CATEGORIES - 15 to 17 years,Male; Estimate; SELECTED AGE CATEGORIES - 15 to 17 years,Male; Margin of Error; SELECTED AGE CATEGORIES - 15 to 17 years,Female; Estimate; SELECTED AGE CATEGORIES - 15 to 17 years,Female; Margin of Error; SELECTED AGE CATEGORIES - 15 to 17 years,Total; Estimate; SELECTED AGE CATEGORIES - 18 to 24 years,Total; Margin of Error; SELECTED AGE CATEGORIES - 18 to 24 years,Male; Estimate; SELECTED AGE CATEGORIES - 18 to 24 years,Male; Margin of Error; SELECTED AGE CATEGORIES - 18 to 24 years,Female; Estimate; SELECTED AGE CATEGORIES - 18 to 24 years,Female; Margin of Error; SELECTED AGE CATEGORIES - 18 to 24 years,Total; Estimate; SELECTED AGE CATEGORIES - 15 to 44 years,Total; Margin of Error; SELECTED AGE CATEGORIES - 15 to 44 years,Male; Estimate; SELECTED AGE CATEGORIES - 15 to 44 years,Male; Margin of Error; SELECTED AGE CATEGORIES - 15 to 44 years,Female; Estimate; SELECTED AGE CATEGORIES - 15 to 44 years,Female; Margin of Error; SELECTED AGE CATEGORIES - 15 to 44 years,Total; Estimate; SELECTED AGE CATEGORIES - 16 years and over,Total; Margin of Error; SELECTED AGE CATEGORIES - 16 years and over,Male; Estimate; SELECTED AGE CATEGORIES - 16 years and over,Male; Margin of Error; SELECTED AGE CATEGORIES - 16 years and over,Female; Estimate; SELECTED AGE CATEGORIES - 16 years and over,Female; Margin of Error; SELECTED AGE CATEGORIES - 16 years and over,Total; Estimate; SELECTED AGE CATEGORIES - 18 years and over,Total; Margin of Error; SELECTED AGE CATEGORIES - 18 years and over,Male; Estimate; SELECTED AGE CATEGORIES - 18 years and over,Male; Margin of Error; SELECTED AGE CATEGORIES - 18 years and over,Female; Estimate; SELECTED AGE CATEGORIES - 18 years and over,Female; Margin of Error; SELECTED AGE CATEGORIES - 18 years and over,Total; Estimate; SELECTED AGE CATEGORIES - 60 years and over,Total; Margin of Error; SELECTED AGE CATEGORIES - 60 years and over,Male; Estimate; SELECTED AGE CATEGORIES - 60 years and over,Male; Margin of Error; SELECTED AGE CATEGORIES - 60 years and over,Female; Estimate; SELECTED AGE CATEGORIES - 60 years and over,Female; Margin of Error; SELECTED AGE CATEGORIES - 60 years and over,Total; Estimate; SELECTED AGE CATEGORIES - 62 years and over,Total; Margin of Error; SELECTED AGE CATEGORIES - 62 years and over,Male; Estimate; SELECTED AGE CATEGORIES - 62 years and over,Male; Margin of Error; SELECTED AGE CATEGORIES - 62 years and over,Female; Estimate; SELECTED AGE CATEGORIES - 62 years and over,Female; Margin of Error; SELECTED AGE CATEGORIES - 62 years and over,Total; Estimate; SELECTED AGE CATEGORIES - 65 years and over,Total; Margin of Error; SELECTED AGE CATEGORIES - 65 years and over,Male; Estimate; SELECTED AGE CATEGORIES - 65 years and over,Male; Margin of Error; SELECTED AGE CATEGORIES - 65 years and over,Female; Estimate; SELECTED AGE CATEGORIES - 65 years and over,Female; Margin of Error; SELECTED AGE CATEGORIES - 65 years and over,Total; Estimate; SELECTED AGE CATEGORIES - 75 years and over,Total; Margin of Error; SELECTED AGE CATEGORIES - 75 years and over,Male; Estimate; SELECTED AGE CATEGORIES - 75 years and over,Male; Margin of Error; SELECTED AGE CATEGORIES - 75 years and over,Female; Estimate; SELECTED AGE CATEGORIES - 75 years and over,Female; Margin of Error; SELECTED AGE CATEGORIES - 75 years and over,Total; Estimate; SUMMARY INDICATORS - Median age (years),Total; Margin of Error; SUMMARY INDICATORS - Median age (years),Male; Estimate; SUMMARY INDICATORS - Median age (years),Male; Margin of Error; SUMMARY INDICATORS - Median age (years),Female; Estimate; SUMMARY INDICATORS - Median age (years),Female; Margin of Error; SUMMARY INDICATORS - Median age (years),Total; Estimate; SUMMARY INDICATORS - Sex ratio (males per 100 females),Total; Margin of Error; SUMMARY INDICATORS - Sex ratio (males per 100 females),Male; Estimate; SUMMARY INDICATORS - Sex ratio (males per 100 females),Male; Margin of Error; SUMMARY INDICATORS - Sex ratio (males per 100 females),Female; Estimate; SUMMARY INDICATORS - Sex ratio (males per 100 females),Female; Margin of Error; SUMMARY INDICATORS - Sex ratio (males per 100 females),Total; Estimate; SUMMARY INDICATORS - Age dependency ratio,Total; Margin of Error; SUMMARY INDICATORS - Age dependency ratio,Male; Estimate; SUMMARY INDICATORS - Age dependency ratio,Male; Margin of Error; SUMMARY INDICATORS - Age dependency ratio,Female; Estimate; SUMMARY INDICATORS - Age dependency ratio,Female; Margin of Error; SUMMARY INDICATORS - Age dependency ratio,Total; Estimate; SUMMARY INDICATORS - Old-age dependency ratio,Total; Margin of Error; SUMMARY INDICATORS - Old-age dependency ratio,Male; Estimate; SUMMARY INDICATORS - Old-age dependency ratio,Male; Margin of Error; SUMMARY INDICATORS - Old-age dependency ratio,Female; Estimate; SUMMARY INDICATORS - Old-age dependency ratio,Female; Margin of Error; SUMMARY INDICATORS - Old-age dependency ratio,Total; Estimate; SUMMARY INDICATORS - Child dependency ratio,Total; Margin of Error; SUMMARY INDICATORS - Child dependency ratio,Male; Estimate; SUMMARY INDICATORS - Child dependency ratio,Male; Margin of Error; SUMMARY INDICATORS - Child dependency ratio,Female; Estimate; SUMMARY INDICATORS - Child dependency ratio,Female; Margin of Error; SUMMARY INDICATORS - Child dependency ratio,Total; Estimate; PERCENT ALLOCATED - Sex,Total; Margin of Error; PERCENT ALLOCATED - Sex,Male; Estimate; PERCENT ALLOCATED - Sex,Male; Margin of Error; PERCENT ALLOCATED - Sex,Female; Estimate; PERCENT ALLOCATED - Sex,Female; Margin of Error; PERCENT ALLOCATED - Sex,Total; Estimate; PERCENT ALLOCATED - Age,Total; Margin of Error; PERCENT ALLOCATED - Age,Male; Estimate; PERCENT ALLOCATED - Age,Male; Margin of Error; PERCENT ALLOCATED - Age,Female; Estimate; PERCENT ALLOCATED - Age,Female; Margin of Error; PERCENT ALLOCATED - Age
0400000US01,Alabama,4841164,*****,2346193,1216,2494971,1216,6,0.1,6.3,0.1,5.8,0.1,6.3,0.1,6.7,0.1,6,0.1,6.5,0.1,6.8,0.1,6.2,0.1,6.7,0.1,7.1,0.1,6.4,0.1,7.1,0.1,7.3,0.1,6.9,0.1,6.6,0.1,6.7,0.1,6.5,0.1,6.3,0.1,6.4,0.1,6.3,0.1,6.1,0.1,6.1,0.1,6.1,0.1,6.4,0.1,6.5,0.1,6.3,0.1,6.5,0.1,6.5,0.1,6.5,0.1,7.1,0.1,7,0.1,7.1,0.1,6.9,0.1,6.8,0.1,6.9,0.1,6.1,0.1,6,0.1,6.3,0.1,5.2,0.1,5,0.1,5.4,0.1,3.8,0.1,3.6,0.1,4,0.1,2.7,0.1,2.4,0.1,3.1,0.1,1.9,0.1,1.6,0.1,2.2,0.1,1.7,0.1,1.1,0.1,2.2,0.1,12.8,0.1,13.5,0.1,12.2,0.1,4,0.1,4.2,0.1,3.8,0.1,9.8,0.1,10.2,0.1,9.4,0.1,39.2,0.1,40.1,0.1,38.4,0.1,79.8,0.1,78.8,0.1,80.8,0.1,77.2,0.1,76,0.1,78.3,0.1,21.5,0.1,19.7,0.1,23.2,0.1,18.9,0.1,17.2,0.1,20.6,0.1,15.3,0.1,13.7,0.1,16.9,0.1,6.4,0.1,5.1,0.1,7.5,0.1,38.6,0.1,37.1,0.1,40,0.2,94,0.1,(X),(X),(X),(X),61.7,0.1,(X),(X),(X),(X),24.8,0.1,(X),(X),(X),(X),36.9,0.1,(X),(X),(X),(X),0.1,(X),(X),(X),(X),(X),1.8,(X),(X),(X),(X),(X)
0400000US02,Alaska,736855,*****,385296,355,351559,355,7.4,0.1,7.2,0.1,7.5,0.1,7.1,0.1,6.9,0.2,7.4,0.2,6.9,0.1,6.9,0.2,6.8,0.2,6.7,0.1,6.8,0.1,6.5,0.1,8.1,0.1,8.7,0.1,7.3,0.1,8.3,0.1,8.4,0.1,8.2,0.1,7.4,0.1,7.5,0.1,7.3,0.1,6.4,0.2,6.5,0.2,6.3,0.2,6.1,0.2,5.9,0.2,6.2,0.2,6.4,0.1,6.4,0.1,6.4,0.1,7.1,0.1,7.1,0.1,7.1,0.1,7.1,0.2,6.9,0.2,7.3,0.2,5.7,0.2,5.8,0.2,5.6,0.2,3.9,0.1,3.9,0.1,3.9,0.1,2.5,0.1,2.4,0.1,2.6,0.1,1.4,0.1,1.4,0.1,1.4,0.1,0.9,0.1,0.7,0.1,1.1,0.1,0.8,0.1,0.5,0.1,1.1,0.1,14,0.1,13.8,0.1,14.2,0.1,4.1,0.1,4,0.1,4.2,0.1,10.7,0.1,11.6,0.1,9.7,0.1,42.9,0.1,43.9,0.1,41.9,0.1,77.2,0.1,77.5,0.1,76.8,0.1,74.5,0.1,74.9,0.1,74.1,0.1,15.1,0.2,14.7,0.2,15.6,0.2,12.5,0.1,12.1,0.2,12.9,0.2,9.4,0.1,8.9,0.1,10,0.1,3.1,0.1,2.6,0.1,3.6,0.1,33.6,0.2,33.3,0.2,34,0.2,109.6,0.2,(X),(X),(X),(X),53.5,0.1,(X),(X),(X),(X),14.4,0.1,(X),(X),(X),(X),39.1,0.1,(X),(X),(X),(X),0.1,(X),(X),(X),(X),(X),2.3,(X),(X),(X),(X),(X)
0400000US04,Arizona,6728577,*****,3344106,449,3384471,449,6.5,0.1,6.6,0.1,6.3,0.1,6.8,0.1,7,0.1,6.6,0.1,6.8,0.1,6.9,0.1,6.6,0.1,6.8,0.1,7,0.1,6.6,0.1,7.2,0.1,7.5,0.1,6.9,0.1,6.8,0.1,7.1,0.1,6.5,0.1,6.6,0.1,6.8,0.1,6.4,0.1,6.2,0.1,6.3,0.1,6,0.1,6.3,0.1,6.3,0.1,6.2,0.1,6.1,0.1,6.1,0.1,6.1,0.1,6.4,0.1,6.3,0.1,6.4,0.1,6,0.1,5.8,0.1,6.3,0.1,5.8,0.1,5.5,0.1,6.1,0.1,5.2,0.1,4.9,0.1,5.5,0.1,4,0.1,3.8,0.1,4.2,0.1,2.9,0.1,2.8,0.1,3,0.1,2,0.1,1.8,0.1,2.1,0.1,1.8,0.1,1.4,0.1,2.2,0.1,13.6,0.1,13.9,0.1,13.2,0.1,4.1,0.1,4.2,0.1,3.9,0.1,9.9,0.1,10.4,0.1,9.5,0.1,39.8,0.1,41,0.1,38.6,0.1,78.6,0.1,78.1,0.1,79.2,0.1,75.9,0.1,75.3,0.1,76.6,0.1,21.7,0.1,20.2,0.1,23.1,0.1,19.3,0.1,18,0.1,20.7,0.1,15.9,0.1,14.7,0.1,17.1,0.1,6.7,0.1,6,0.1,7.4,0.1,37.1,0.2,35.8,0.1,38.4,0.1,98.8,0.1,(X),(X),(X),(X),66.6,0.1,(X),(X),(X),(X),26.5,0.1,(X),(X),(X),(X),40.1,0.1,(X),(X),(X),(X),0.1,(X),(X),(X),(X),(X),1.8,(X),(X),(X),(X),(X)
0400000US05,Arkansas,2968472,*****,1456694,940,1511778,940,6.4,0.1,6.7,0.1,6.2,0.1,6.8,0.1,7.1,0.1,6.5,0.1,6.6,0.1,6.8,0.1,6.4,0.1,6.8,0.1,7,0.1,6.5,0.1,6.9,0.1,7.2,0.1,6.7,0.1,6.5,0.1,6.6,0.1,6.4,0.1,6.4,0.1,6.6,0.1,6.3,0.1,6.1,0.1,6.2,0.1,6,0.1,6.2,0.1,6.3,0.1,6.2,0.1,6.2,0.1,6.3,0.1,6.2,0.1,6.8,0.1,6.8,0.1,6.8,0.1,6.5,0.1,6.4,0.1,6.7,0.1,5.9,0.1,5.8,0.1,6.1,0.1,5.2,0.1,5,0.1,5.3,0.1,3.9,0.1,3.6,0.1,4.2,0.1,2.8,0.1,2.5,0.1,3,0.1,2,0.1,1.7,0.1,2.3,0.1,1.8,0.1,1.3,0.1,2.4,0.1,13.4,0.1,13.9,0.1,12.8,0.1,4,0.1,4.2,0.1,3.9,0.1,9.7,0.1,10.1,0.1,9.3,0.1,39.1,0.1,40,0.1,38.2,0.1,78.8,0.1,77.9,0.1,79.7,0.1,76.2,0.1,75.2,0.1,77.1,0.1,21.6,0.1,19.9,0.1,23.2,0.1,19.2,0.1,17.5,0.1,20.7,0.1,15.7,0.1,14.1,0.1,17.2,0.1,6.6,0.1,5.5,0.1,7.7,0.1,37.7,0.2,36.4,0.2,39.2,0.2,96.4,0.1,(X),(X),(X),(X),65.3,0.1,(X),(X),(X),(X),25.9,0.1,(X),(X),(X),(X),39.4,0.1,(X),(X),(X),(X),0.1,(X),(X),(X),(X),(X),1.4,(X),(X),(X),(X),(X)
0400000US06,California,38654206,*****,19200970,820,19453236,820,6.5,0.1,6.7,0.1,6.3,0.1,6.6,0.1,6.7,0.1,6.4,0.1,6.6,0.1,6.7,0.1,6.4,0.1,6.8,0.1,7,0.1,6.6,0.1,7.5,0.1,7.8,0.1,7.2,0.1,7.6,0.1,7.8,0.1,7.3,0.1,7.2,0.1,7.4,0.1,7,0.1,6.7,0.1,6.7,0.1,6.6,0.1,6.7,0.1,6.7,0.1,6.6,0.1,6.7,0.1,6.8,0.1,6.7,0.1,6.8,0.1,6.8,0.1,6.8,0.1,6.3,0.1,6.1,0.1,6.4,0.1,5.4,0.1,5.2,0.1,5.6,0.1,4.3,0.1,4,0.1,4.5,0.1,3,0.1,2.8,0.1,3.2,0.1,2.2,0.1,2,0.1,2.4,0.1,1.6,0.1,1.4,0.1,1.9,0.1,1.8,0.1,1.3,0.1,2.2,0.1,13.1,0.1,13.5,0.1,12.8,0.1,4,0.1,4.2,0.1,3.9,0.1,10.2,0.1,10.7,0.1,9.8,0.1,42.4,0.1,43.5,0.1,41.2,0.1,79.1,0.1,78.5,0.1,79.6,0.1,76.4,0.1,75.7,0.1,77,0.1,18.3,0.1,16.6,0.1,19.9,0.1,16,0.1,14.4,0.1,17.5,0.1,12.9,0.1,11.4,0.1,14.3,0.1,5.6,0.1,4.6,0.1,6.5,0.1,36,0.1,34.9,0.1,37.1,0.1,98.7,0.1,(X),(X),(X),(X),57.5,0.1,(X),(X),(X),(X),20.3,0.1,(X),(X),(X),(X),37.3,0.1,(X),(X),(X),(X),0.1,(X),(X),(X),(X),(X),1.9,(X),(X),(X),(X),(X)
0400000US08,Colorado,5359295,*****,2689636,802,2669659,802,6.3,0.1,6.4,0.1,6.1,0.1,6.6,0.1,6.8,0.1,6.5,0.1,6.6,0.1,6.7,0.1,6.5,0.1,6.4,0.1,6.6,0.1,6.3,0.1,7.1,0.1,7.4,0.1,6.8,0.1,7.5,0.1,7.7,0.1,7.2,0.1,7.4,0.1,7.6,0.1,7.2,0.1,6.9,0.1,7,0.1,6.7,0.1,6.6,0.1,6.8,0.1,6.5,0.1,6.5,0.1,6.5,0.1,6.5,0.1,6.9,0.1,6.8,0.1,7,0.1,6.7,0.1,6.5,0.1,6.8,0.1,5.9,0.1,5.8,0.1,6,0.1,4.6,0.1,4.5,0.1,4.8,0.1,3,0.1,2.8,0.1,3.2,0.1,2.1,0.1,1.9,0.1,2.3,0.1,1.4,0.1,1.2,0.1,1.7,0.1,1.5,0.1,1,0.1,1.9,0.1,13.2,0.1,13.5,0.1,12.9,0.1,3.8,0.1,3.9,0.1,3.7,0.1,9.8,0.1,10.1,0.1,9.4,0.1,42,0.1,43.2,0.1,40.7,0.1,79.2,0.1,78.8,0.1,79.6,0.1,76.7,0.1,76.3,0.1,77.2,0.1,18.5,0.1,17.2,0.1,19.9,0.1,16,0.1,14.7,0.1,17.3,0.1,12.7,0.1,11.4,0.1,13.9,0.1,5,0.1,4.1,0.1,5.9,0.1,36.4,0.1,35.5,0.1,37.4,0.1,100.7,0.1,(X),(X),(X),(X),56,0.1,(X),(X),(X),(X),19.7,0.1,(X),(X),(X),(X),36.3,0.1,(X),(X),(X),(X),0.1,(X),(X),(X),(X),(X),1.4,(X),(X),(X),(X),(X)
0400000US09,Connecticut,3588570,*****,1750270,338,1838300,338,5.3,0.1,5.5,0.1,5,0.1,5.9,0.1,6.2,0.1,5.6,0.1,6.4,0.1,6.7,0.1,6.1,0.1,7,0.1,7.4,0.1,6.7,0.1,6.7,0.1,7.2,0.1,6.3,0.1,6.1,0.1,6.4,0.1,5.9,0.1,6.1,0.1,6.2,0.1,6,0.1,5.8,0.1,5.8,0.1,5.7,0.1,6.5,0.1,6.4,0.1,6.5,0.1,7.3,0.1,7.3,0.1,7.4,0.1,7.9,0.1,7.8,0.1,7.9,0.1,7.4,0.1,7.4,0.1,7.3,0.1,6.2,0.1,6.1,0.1,6.4,0.1,5,0.1,4.8,0.1,5.1,0.1,3.5,0.1,3.3,0.1,3.7,0.1,2.6,0.1,2.3,0.1,2.8,0.1,2,0.1,1.6,0.1,2.3,0.1,2.5,0.1,1.6,0.1,3.2,0.1,12.2,0.1,12.8,0.1,11.7,0.1,4.1,0.1,4.3,0.1,3.9,0.1,9.7,0.1,10.3,0.1,9.2,0.1,38.2,0.1,39.5,0.1,37.1,0.1,81.1,0.1,80.2,0.1,82,0.1,78.4,0.1,77.4,0.1,79.4,0.1,21.7,0.1,19.7,0.1,23.6,0.1,19,0.1,17.1,0.1,20.8,0.1,15.5,0.1,13.6,0.1,17.2,0.1,7,0.1,5.6,0.1,8.4,0.1,40.6,0.1,38.8,0.1,42.1,0.1,95.2,0.1,(X),(X),(X),(X),58.8,0.1,(X),(X),(X),(X),24.6,0.1,(X),(X),(X),(X),34.2,0.1,(X),(X),(X),(X),0.1,(X),(X),(X),(X),(X),1.5,(X),(X),(X),(X),(X)
0400000US10,Delaware,934695,*****,452416,162,482279,162,5.9,0.1,6.3,0.1,5.7,0.1,6.1,0.1,6.2,0.2,6,0.2,6.1,0.1,6.6,0.2,5.7,0.2,6.5,0.1,6.8,0.1,6.2,0.1,6.8,0.1,7.1,0.1,6.6,0.1,6.8,0.1,7.1,0.1,6.6,0.1,6.3,0.1,6.4,0.1,6.2,0.1,5.9,0.1,5.9,0.2,5.9,0.2,5.9,0.1,6,0.2,5.8,0.2,6.7,0.1,6.6,0.1,6.7,0.1,7.2,0.1,7.2,0.1,7.3,0.1,7,0.1,6.7,0.2,7.3,0.2,6.2,0.1,6.1,0.2,6.3,0.2,5.6,0.1,5.3,0.1,5.9,0.1,4.1,0.1,4,0.1,4.2,0.1,2.9,0.1,2.7,0.1,3.1,0.1,1.9,0.1,1.7,0.1,2.1,0.1,1.9,0.1,1.4,0.1,2.4,0.1,12.2,0.1,12.7,0.1,11.7,0.1,3.7,0.1,3.9,0.1,3.5,0.1,9.6,0.1,9.9,0.1,9.3,0.1,38.2,0.1,39.2,0.1,37.3,0.1,80.6,0.1,79.6,0.1,81.5,0.1,78.2,0.1,77.1,0.1,79.2,0.1,22.7,0.1,21.2,0.2,24.1,0.2,20.1,0.1,18.7,0.1,21.5,0.2,16.5,0.1,15.1,0.1,17.7,0.1,6.7,0.1,5.8,0.1,7.6,0.1,39.6,0.2,38,0.2,41.1,0.2,93.8,0.1,(X),(X),(X),(X),62.1,0.1,(X),(X),(X),(X),26.7,0.1,(X),(X),(X),(X),35.4,0.1,(X),(X),(X),(X),0.1,(X),(X),(X),(X),(X),1.5,(X),(X),(X),(X),(X)
0400000US11,District of Columbia,659009,*****,312629,148,346380,148,6.4,0.1,6.8,0.1,5.9,0.1,4.9,0.1,5.2,0.2,4.6,0.2,3.8,0.1,3.9,0.2,3.6,0.2,5.8,0.1,5.7,0.1,5.8,0.1,8.9,0.1,8.7,0.1,9.2,0.1,11.9,0.1,11.5,0.1,12.2,0.1,10.8,0.1,10.9,0.1,10.7,0.1,7.7,0.2,7.9,0.3,7.4,0.2,6.4,0.2,6.9,0.3,6,0.2,5.8,0.1,6.2,0.1,5.5,0.1,5.9,0.1,6.2,0.1,5.6,0.1,5.5,0.1,5.6,0.2,5.3,0.2,5,0.1,4.7,0.2,5.3,0.2,3.7,0.1,3.2,0.1,4.1,0.1,2.8,0.1,2.7,0.1,2.9,0.1,1.9,0.1,1.6,0.1,2.3,0.1,1.4,0.1,1.1,0.1,1.6,0.1,1.6,0.1,1.1,0.1,2.1,0.1,8.7,0.1,9.2,0.1,8.2,0.1,2.4,0.1,2.5,0.1,2.2,0.1,12.3,0.1,11.9,0.1,12.7,0.1,51.4,0.1,51.6,0.1,51.3,0.1,84.2,0.1,83.1,0.1,85.1,0.1,82.6,0.1,81.5,0.1,83.6,0.1,16.4,0.1,14.4,0.2,18.1,0.2,14.3,0.1,12.5,0.2,15.9,0.2,11.4,0.1,9.8,0.1,12.9,0.1,4.9,0.1,3.8,0.1,6,0.1,33.8,0.1,33.6,0.2,34,0.2,90.3,0.1,(X),(X),(X),(X),40.5,0.1,(X),(X),(X),(X),16,0.1,(X),(X),(X),(X),24.4,0.1,(X),(X),(X),(X),0.1,(X),(X),(X),(X),(X),2.2,(X),(X),(X),(X),(X)
0400000US12,Florida,19934451,*****,9741262,1330,10193189,1330,5.5,0.1,5.7,0.1,5.3,0.1,5.6,0.1,5.9,0.1,5.4,0.1,5.7,0.1,6,0.1,5.5,0.1,5.9,0.1,6.3,0.1,5.7,0.1,6.5,0.1,6.8,0.1,6.2,0.1,6.5,0.1,6.8,0.1,6.3,0.1,6.2,0.1,6.3,0.1,6,0.1,5.9,0.1,6,0.1,5.8,0.1,6.3,0.1,6.3,0.1,6.2,0.1,6.6,0.1,6.7,0.1,6.6,0.1,7.1,0.1,7.1,0.1,7.1,0.1,6.7,0.1,6.6,0.1,6.9,0.1,6.2,0.1,5.9,0.1,6.5,0.1,5.8,0.1,5.6,0.1,6.1,0.1,4.6,0.1,4.4,0.1,4.8,0.1,3.5,0.1,3.3,0.1,3.7,0.1,2.5,0.1,2.3,0.1,2.8,0.1,2.6,0.1,2,0.1,3.2,0.1,11.3,0.1,11.9,0.1,10.9,0.1,3.6,0.1,3.7,0.1,3.4,0.1,8.9,0.1,9.4,0.1,8.5,0.1,37.4,0.1,38.6,0.1,36.2,0.1,82,0.1,81.1,0.1,82.8,0.1,79.6,0.1,78.7,0.1,80.5,0.1,25.3,0.1,23.4,0.1,27.1,0.1,22.7,0.1,21,0.1,24.4,0.1,19.1,0.1,17.5,0.1,20.5,0.1,8.6,0.1,7.5,0.1,9.6,0.1,41.6,0.1,40.1,0.1,43.1,0.1,95.6,0.1,(X),(X),(X),(X),65.1,0.1,(X),(X),(X),(X),31.5,0.1,(X),(X),(X),(X),33.7,0.1,(X),(X),(X),(X),0.1,(X),(X),(X),(X),(X),2.3,(X),(X),(X),(X),(X)
0400000US13,Georgia,10099320,*****,4922471,1569,5176849,1569,6.5,0.1,6.9,0.1,6.2,0.1,7,0.1,7.4,0.1,6.6,0.1,7,0.1,7.3,0.1,6.8,0.1,7,0.1,7.4,0.1,6.7,0.1,7.2,0.1,7.5,0.1,6.9,0.1,6.9,0.1,7,0.1,6.7,0.1,6.8,0.1,6.8,0.1,6.8,0.1,6.7,0.1,6.6,0.1,6.7,0.1,7,0.1,7,0.1,7,0.1,6.9,0.1,7,0.1,6.9,0.1,7,0.1,6.9,0.1,7,0.1,6.3,0.1,6.2,0.1,6.4,0.1,5.4,0.1,5.2,0.1,5.6,0.1,4.4,0.1,4.2,0.1,4.6,0.1,3.1,0.1,2.9,0.1,3.4,0.1,2.1,0.1,1.8,0.1,2.3,0.1,1.4,0.1,1.2,0.1,1.7,0.1,1.2,0.1,0.8,0.1,1.7,0.1,14,0.1,14.6,0.1,13.4,0.1,4.2,0.1,4.4,0.1,4,0.1,10,0.1,10.5,0.1,9.6,0.1,41.5,0.1,42.3,0.1,40.7,0.1,78.1,0.1,77.1,0.1,79,0.1,75.3,0.1,74.2,0.1,76.4,0.1,17.8,0.1,16.2,0.1,19.3,0.1,15.5,0.1,14,0.1,16.9,0.1,12.3,0.1,11,0.1,13.6,0.1,4.8,0.1,3.8,0.1,5.7,0.1,36.2,0.1,34.9,0.2,37.4,0.1,95.1,0.1,(X),(X),(X),(X),58.8,0.1,(X),(X),(X),(X),19.6,0.1,(X),(X),(X),(X),39.2,0.1,(X),(X),(X),(X),0.1,(X),(X),(X),(X),(X),2,(X),(X),(X),(X),(X)
0400000US15,Hawaii,1413673,*****,709870,152,703803,152,6.5,0.1,6.6,0.1,6.4,0.1,6,0.1,6.2,0.1,5.8,0.1,5.9,0.1,6,0.1,5.8,0.1,5.7,0.1,5.8,0.1,5.5,0.1,7.1,0.1,7.9,0.1,6.4,0.1,7.3,0.1,7.7,0.1,6.9,0.1,7,0.1,7.2,0.1,6.9,0.1,6.2,0.1,6.2,0.2,6.2,0.1,6.2,0.1,6.4,0.2,6.1,0.1,6.3,0.1,6.3,0.1,6.3,0.1,6.6,0.1,6.6,0.1,6.7,0.1,6.7,0.1,6.5,0.1,6.9,0.1,6.3,0.1,6.2,0.1,6.4,0.1,5.4,0.1,5.3,0.1,5.5,0.1,3.6,0.1,3.3,0.1,3.8,0.1,2.5,0.1,2.3,0.1,2.7,0.1,2,0.1,1.6,0.1,2.5,0.1,2.7,0.1,1.9,0.1,3.4,0.1,11.9,0.1,12.2,0.1,11.6,0.1,3.4,0.1,3.4,0.1,3.4,0.1,9.4,0.1,10.2,0.1,8.5,0.1,39.6,0.1,41.2,0.1,38,0.1,80.5,0.1,80,0.1,80.9,0.1,78.2,0.1,77.7,0.1,78.7,0.1,22.4,0.1,20.5,0.1,24.2,0.1,19.7,0.1,17.8,0.1,21.6,0.1,16.1,0.1,14.4,0.1,17.9,0.1,7.2,0.1,5.7,0.1,8.6,0.1,38.5,0.1,36.9,0.1,40.1,0.2,100.9,0.1,(X),(X),(X),(X),61,0.1,(X),(X),(X),(X),25.9,0.1,(X),(X),(X),(X),35.1,0.1,(X),(X),(X),(X),0.1,(X),(X),(X),(X),(X),2.7,(X),(X),(X),(X),(X)
0400000US16,Idaho,1635483,*****,819845,669,815638,669,7,0.1,7.1,0.1,6.9,0.1,7.5,0.1,7.7,0.2,7.3,0.2,7.5,0.1,7.7,0.2,7.4,0.2,7.1,0.1,7.2,0.1,7,0.1,6.8,0.1,7.1,0.1,6.5,0.1,6.5,0.1,6.6,0.1,6.5,0.1,6.6,0.1,6.6,0.1,6.5,0.1,6.2,0.1,6.5,0.2,6,0.2,6,0.1,5.9,0.2,6.1,0.2,5.9,0.1,5.9,0.1,5.9,0.1,6.3,0.1,6.3,0.1,6.4,0.1,6.2,0.1,6,0.1,6.5,0.1,6,0.1,6,0.1,6,0.1,5,0.1,5,0.1,5,0.1,3.5,0.1,3.3,0.1,3.7,0.1,2.4,0.1,2.3,0.1,2.6,0.1,1.7,0.1,1.5,0.1,1.9,0.1,1.6,0.1,1.2,0.1,2,0.1,15,0.1,15.4,0.1,14.6,0.1,4.4,0.1,4.5,0.1,4.3,0.1,9.6,0.1,9.9,0.1,9.2,0.1,39.3,0.1,40,0.1,38.6,0.1,76.5,0.1,75.9,0.1,77.1,0.1,73.6,0.1,73,0.1,74.2,0.1,20.3,0.1,19.3,0.1,21.2,0.1,17.7,0.1,16.8,0.1,18.7,0.1,14.3,0.1,13.4,0.1,15.2,0.1,5.8,0.1,5,0.1,6.5,0.1,35.7,0.1,34.9,0.1,36.6,0.1,100.5,0.2,(X),(X),(X),(X),68.5,0.1,(X),(X),(X),(X),24,0.1,(X),(X),(X),(X),44.4,0.1,(X),(X),(X),(X),0.1,(X),(X),(X),(X),(X),1.5,(X),(X),(X),(X),(X)
0400000US17,Illinois,12851684,*****,6310460,951,6541224,951,6.1,0.1,6.4,0.1,5.9,0.1,6.5,0.1,6.7,0.1,6.2,0.1,6.6,0.1,6.9,0.1,6.4,0.1,6.7,0.1,7,0.1,6.5,0.1,7,0.1,7.2,0.1,6.7,0.1,6.9,0.1,7.2,0.1,6.7,0.1,6.9,0.1,7,0.1,6.8,0.1,6.5,0.1,6.6,0.1,6.4,0.1,6.5,0.1,6.6,0.1,6.4,0.1,6.7,0.1,6.7,0.1,6.6,0.1,7.1,0.1,7.1,0.1,7.1,0.1,6.7,0.1,6.6,0.1,6.8,0.1,5.8,0.1,5.7,0.1,5.9,0.1,4.5,0.1,4.3,0.1,4.7,0.1,3.3,0.1,3.1,0.1,3.5,0.1,2.4,0.1,2.1,0.1,2.7,0.1,1.8,0.1,1.5,0.1,2.1,0.1,1.9,0.1,1.3,0.1,2.6,0.1,13.1,0.1,13.6,0.1,12.6,0.1,4.1,0.1,4.2,0.1,3.9,0.1,9.7,0.1,10,0.1,9.3,0.1,40.6,0.1,41.7,0.1,39.5,0.1,79.4,0.1,78.6,0.1,80.2,0.1,76.7,0.1,75.8,0.1,77.6,0.1,19.7,0.1,17.9,0.1,21.5,0.1,17.2,0.1,15.4,0.1,18.9,0.1,13.9,0.1,12.2,0.1,15.5,0.1,6.1,0.1,4.8,0.1,7.3,0.1,37.4,0.1,36.1,0.1,38.7,0.1,96.5,0.1,(X),(X),(X),(X),59.1,0.1,(X),(X),(X),(X),22.1,0.1,(X),(X),(X),(X),37,0.1,(X),(X),(X),(X),0.1,(X),(X),(X),(X),(X),1.4,(X),(X),(X),(X),(X)
0400000US18,Indiana,6589578,*****,3245322,1145,3344256,1145,6.4,0.1,6.6,0.1,6.1,0.1,6.7,0.1,7,0.1,6.4,0.1,6.8,0.1,7,0.1,6.6,0.1,7,0.1,7.2,0.1,6.7,0.1,7.3,0.1,7.6,0.1,7,0.1,6.4,0.1,6.6,0.1,6.3,0.1,6.4,0.1,6.5,0.1,6.3,0.1,6.2,0.1,6.3,0.1,6.1,0.1,6.3,0.1,6.4,0.1,6.2,0.1,6.5,0.1,6.6,0.1,6.4,0.1,7,0.1,7,0.1,7,0.1,6.8,0.1,6.7,0.1,6.9,0.1,6,0.1,5.9,0.1,6,0.1,4.7,0.1,4.5,0.1,4.9,0.1,3.4,0.1,3.2,0.1,3.6,0.1,2.4,0.1,2.2,0.1,2.7,0.1,1.8,0.1,1.5,0.1,2.1,0.1,1.9,0.1,1.2,0.1,2.5,0.1,13.5,0.1,14,0.1,13,0.1,4.1,0.1,4.3,0.1,4,0.1,10.1,0.1,10.5,0.1,9.8,0.1,39.6,0.1,40.5,0.1,38.6,0.1,78.7,0.1,77.9,0.1,79.5,0.1,76,0.1,75.1,0.1,76.9,0.1,20.2,0.1,18.5,0.1,21.9,0.1,17.7,0.1,16,0.1,19.4,0.1,14.3,0.1,12.6,0.1,15.9,0.1,6.1,0.1,4.9,0.1,7.4,0.1,37.4,0.1,36.1,0.1,38.7,0.1,97,0.1,(X),(X),(X),(X),62,0.1,(X),(X),(X),(X),23.1,0.1,(X),(X),(X),(X),38.9,0.1,(X),(X),(X),(X),0.1,(X),(X),(X),(X),(X),1.1,(X),(X),(X),(X),(X)
0400000US19,Iowa,3106589,*****,1542988,834,1563601,835,6.3,0.1,6.5,0.1,6.1,0.1,6.6,0.1,6.8,0.1,6.4,0.1,6.6,0.1,6.8,0.1,6.3,0.1,6.9,0.1,7.2,0.1,6.7,0.1,7.3,0.1,7.6,0.1,7.1,0.1,6.2,0.1,6.4,0.1,6,0.1,6.4,0.1,6.6,0.1,6.2,0.1,5.9,0.1,6,0.1,5.8,0.1,5.8,0.1,5.9,0.1,5.7,0.1,6.1,0.1,6.2,0.1,6,0.1,6.9,0.1,7,0.1,6.9,0.1,6.8,0.1,6.8,0.1,6.8,0.1,6.2,0.1,6.3,0.1,6.2,0.1,4.8,0.1,4.7,0.1,5,0.1,3.5,0.1,3.4,0.1,3.7,0.1,2.8,0.1,2.5,0.1,3.1,0.1,2.1,0.1,1.8,0.1,2.5,0.1,2.5,0.1,1.7,0.1,3.3,0.1,13.1,0.1,13.6,0.1,12.7,0.1,3.9,0.1,4,0.1,3.8,0.1,10.3,0.1,10.7,0.1,9.9,0.1,38.6,0.1,39.7,0.1,37.5,0.1,79.2,0.1,78.6,0.1,79.8,0.1,76.6,0.1,75.8,0.1,77.3,0.1,22,0.1,20.2,0.1,23.8,0.1,19.4,0.1,17.5,0.1,21.2,0.1,15.8,0.1,14,0.1,17.6,0.1,7.4,0.1,5.9,0.1,8.9,0.1,38,0.1,36.7,0.1,39.4,0.1,98.7,0.1,(X),(X),(X),(X),64.5,0.1,(X),(X),(X),(X),26,0.1,(X),(X),(X),(X),38.5,0.1,(X),(X),(X),(X),0.1,(X),(X),(X),(X),(X),1.1,(X),(X),(X),(X),(X)
0400000US20,Kansas,2898292,*****,1441912,761,1456380,761,6.9,0.1,7.1,0.1,6.7,0.1,7,0.1,7.2,0.1,6.8,0.1,6.9,0.1,7.1,0.1,6.8,0.1,7,0.1,7.2,0.1,6.7,0.1,7.5,0.1,7.8,0.1,7.1,0.1,6.6,0.1,6.8,0.1,6.4,0.1,6.7,0.1,6.8,0.1,6.5,0.1,6.1,0.1,6.2,0.1,5.9,0.1,5.9,0.1,6,0.1,5.8,0.1,6,0.1,6.1,0.1,5.9,0.1,6.8,0.1,6.7,0.1,6.8,0.1,6.7,0.1,6.7,0.1,6.7,0.1,5.8,0.1,5.6,0.1,6,0.1,4.5,0.1,4.4,0.1,4.7,0.1,3.3,0.1,3,0.1,3.5,0.1,2.5,0.1,2.2,0.1,2.7,0.1,1.9,0.1,1.6,0.1,2.3,0.1,2.1,0.1,1.5,0.1,2.8,0.1,13.9,0.1,14.3,0.1,13.6,0.1,4.1,0.1,4.2,0.1,4,0.1,10.3,0.1,10.8,0.1,9.8,0.1,39.6,0.1,40.8,0.1,38.4,0.1,77.8,0.1,77.2,0.1,78.5,0.1,75.1,0.1,74.4,0.1,75.8,0.1,20.2,0.1,18.4,0.1,22,0.1,17.7,0.1,16,0.1,19.4,0.1,14.3,0.1,12.7,0.1,15.9,0.1,6.5,0.1,5.2,0.1,7.8,0.1,36.2,0.1,35,0.1,37.6,0.1,99,0.1,(X),(X),(X),(X),64.5,0.1,(X),(X),(X),(X),23.6,0.1,(X),(X),(X),(X),41,0.1,(X),(X),(X),(X),0.1,(X),(X),(X),(X),(X),1.1,(X),(X),(X),(X),(X)
0400000US21,Kentucky,4411989,*****,2172745,1100,2239244,1100,6.2,0.1,6.5,0.1,6,0.1,6.4,0.1,6.6,0.1,6.1,0.1,6.5,0.1,6.8,0.1,6.2,0.1,6.5,0.1,6.8,0.1,6.3,0.1,7,0.1,7.4,0.1,6.7,0.1,6.4,0.1,6.6,0.1,6.3,0.1,6.4,0.1,6.6,0.1,6.3,0.1,6.2,0.1,6.3,0.1,6.1,0.1,6.5,0.1,6.6,0.1,6.4,0.1,6.7,0.1,6.7,0.1,6.6,0.1,7.2,0.1,7.2,0.1,7.2,0.1,6.9,0.1,6.8,0.1,7,0.1,6.2,0.1,6,0.1,6.3,0.1,5.1,0.1,4.9,0.1,5.3,0.1,3.6,0.1,3.4,0.1,3.9,0.1,2.6,0.1,2.3,0.1,2.9,0.1,1.8,0.1,1.5,0.1,2.1,0.1,1.7,0.1,1.1,0.1,2.3,0.1,12.9,0.1,13.4,0.1,12.4,0.1,3.9,0.1,4,0.1,3.7,0.1,9.7,0.1,10.1,0.1,9.3,0.1,39.1,0.1,40.3,0.1,38.1,0.1,79.6,0.1,78.8,0.1,80.4,0.1,77,0.1,76.1,0.1,77.9,0.1,21,0.1,19.2,0.1,22.7,0.1,18.4,0.1,16.7,0.1,20,0.1,14.8,0.1,13.1,0.1,16.4,0.1,6.1,0.1,4.9,0.1,7.3,0.1,38.6,0.2,37.2,0.1,40,0.2,97,0.1,(X),(X),(X),(X),60.7,0.1,(X),(X),(X),(X),23.8,0.1,(X),(X),(X),(X),36.9,0.1,(X),(X),(X),(X),0.1,(X),(X),(X),(X),(X),1.1,(X),(X),(X),(X),(X)
0400000US22,Louisiana,4645670,*****,2271684,903,2373986,903,6.7,0.1,6.9,0.1,6.4,0.1,6.7,0.1,7,0.1,6.5,0.1,6.6,0.1,6.9,0.1,6.3,0.1,6.6,0.1,6.9,0.1,6.3,0.1,7.4,0.1,7.6,0.1,7.2,0.1,7.3,0.1,7.5,0.1,7.2,0.1,7,0.1,7.2,0.1,6.9,0.1,6.2,0.1,6.3,0.1,6.1,0.1,6,0.1,6.1,0.1,6,0.1,6.3,0.1,6.3,0.1,6.3,0.1,6.9,0.1,6.8,0.1,6.9,0.1,6.7,0.1,6.6,0.1,6.9,0.1,5.9,0.1,5.8,0.1,6,0.1,4.6,0.1,4.5,0.1,4.8,0.1,3.4,0.1,3.1,0.1,3.7,0.1,2.4,0.1,2.1,0.1,2.6,0.1,1.7,0.1,1.3,0.1,2.1,0.1,1.6,0.1,1.1,0.1,2,0.1,13.4,0.1,13.9,0.1,12.8,0.1,4,0.1,4.1,0.1,3.8,0.1,10,0.1,10.4,0.1,9.7,0.1,40.6,0.1,41.6,0.1,39.7,0.1,78.7,0.1,77.8,0.1,79.5,0.1,76,0.1,75,0.1,77,0.1,19.5,0.1,17.9,0.1,21.1,0.1,17,0.1,15.4,0.1,18.5,0.1,13.6,0.1,12.1,0.1,15.1,0.1,5.6,0.1,4.5,0.1,6.7,0.1,36.2,0.1,35,0.1,37.5,0.2,95.7,0.1,(X),(X),(X),(X),60.3,0.1,(X),(X),(X),(X),21.9,0.1,(X),(X),(X),(X),38.4,0.1,(X),(X),(X),(X),0.1,(X),(X),(X),(X),(X),1.5,(X),(X),(X),(X),(X)
0400000US23,Maine,1329923,*****,651344,346,678579,346,4.9,0.1,5.1,0.1,4.7,0.1,5.5,0.1,5.8,0.1,5.1,0.1,5.5,0.1,5.7,0.1,5.3,0.1,6.2,0.1,6.5,0.1,5.9,0.1,5.9,0.1,6.3,0.1,5.7,0.1,5.8,0.1,5.9,0.1,5.7,0.1,5.7,0.1,5.7,0.1,5.6,0.1,5.4,0.1,5.5,0.1,5.4,0.1,6.3,0.1,6.3,0.1,6.3,0.1,7,0.1,7,0.1,7,0.1,8,0.1,8,0.1,8,0.1,8.2,0.1,8.2,0.1,8.2,0.1,7.3,0.1,7.1,0.1,7.5,0.1,6.2,0.1,6.2,0.1,6.2,0.1,4.3,0.1,4.1,0.1,4.4,0.1,3.1,0.1,2.8,0.1,3.3,0.1,2.3,0.1,2,0.1,2.7,0.1,2.3,0.1,1.7,0.1,3,0.1,11,0.1,11.6,0.1,10.5,0.1,3.6,0.1,3.8,0.1,3.4,0.1,8.5,0.1,9,0.1,8.1,0.1,35.3,0.1,36.1,0.1,34.5,0.1,82.8,0.1,81.9,0.1,83.7,0.1,80.5,0.1,79.5,0.1,81.4,0.1,25.5,0.1,23.9,0.1,27.1,0.1,22.5,0.1,21,0.1,23.9,0.1,18.2,0.1,16.8,0.1,19.6,0.1,7.7,0.1,6.5,0.1,8.9,0.1,44,0.1,42.8,0.1,45.2,0.1,96,0.1,(X),(X),(X),(X),60.6,0.1,(X),(X),(X),(X),29.3,0.1,(X),(X),(X),(X),31.3,0.1,(X),(X),(X),(X),0.1,(X),(X),(X),(X),(X),1.2,(X),(X),(X),(X),(X)
0400000US24,Maryland,5959902,*****,2886734,551,3073168,551,6.2,0.1,6.5,0.1,5.9,0.1,6.3,0.1,6.6,0.1,5.9,0.1,6.3,0.1,6.6,0.1,6,0.1,6.5,0.1,6.9,0.1,6.2,0.1,6.7,0.1,7.1,0.1,6.4,0.1,7,0.1,7.2,0.1,6.8,0.1,6.8,0.1,6.9,0.1,6.7,0.1,6.3,0.1,6.3,0.1,6.4,0.1,6.5,0.1,6.6,0.1,6.5,0.1,7.1,0.1,7.1,0.1,7.2,0.1,7.6,0.1,7.5,0.1,7.6,0.1,6.9,0.1,6.8,0.1,7,0.1,6,0.1,5.7,0.1,6.2,0.1,4.7,0.1,4.5,0.1,4.9,0.1,3.3,0.1,3,0.1,3.5,0.1,2.3,0.1,2,0.1,2.5,0.1,1.7,0.1,1.4,0.1,2,0.1,1.8,0.1,1.2,0.1,2.3,0.1,12.6,0.1,13.2,0.1,12,0.1,3.9,0.1,4.1,0.1,3.7,0.1,9.4,0.1,9.9,0.1,8.9,0.1,39.9,0.1,40.9,0.1,39,0.1,79.9,0.1,78.9,0.1,80.9,0.1,77.4,0.1,76.2,0.1,78.5,0.1,19.7,0.1,17.9,0.1,21.4,0.1,17.2,0.1,15.5,0.1,18.8,0.1,13.8,0.1,12.2,0.1,15.2,0.1,5.8,0.1,4.7,0.1,6.8,0.1,38.3,0.1,36.7,0.2,39.8,0.1,93.9,0.1,(X),(X),(X),(X),57.2,0.1,(X),(X),(X),(X),21.6,0.1,(X),(X),(X),(X),35.5,0.1,(X),(X),(X),(X),0.1,(X),(X),(X),(X),(X),1.6,(X),(X),(X),(X),(X)
0400000US25,Massachusetts,6742143,*****,3269371,432,3472772,432,5.4,0.1,5.7,0.1,5.1,0.1,5.5,0.1,5.8,0.1,5.3,0.1,6,0.1,6.3,0.1,5.6,0.1,6.8,0.1,7.1,0.1,6.6,0.1,7.3,0.1,7.5,0.1,7.1,0.1,7.1,0.1,7.3,0.1,6.9,0.1,6.6,0.1,6.8,0.1,6.5,0.1,5.9,0.1,6,0.1,5.9,0.1,6.5,0.1,6.5,0.1,6.5,0.1,7.1,0.1,7.1,0.1,7.1,0.1,7.5,0.1,7.5,0.1,7.5,0.1,7,0.1,7,0.1,7,0.1,6.1,0.1,6,0.1,6.2,0.1,4.8,0.1,4.7,0.1,5,0.1,3.5,0.1,3.3,0.1,3.7,0.1,2.5,0.1,2.2,0.1,2.7,0.1,2,0.1,1.6,0.1,2.3,0.1,2.3,0.1,1.5,0.1,3,0.1,11.5,0.1,12.1,0.1,10.9,0.1,3.7,0.1,3.9,0.1,3.5,0.1,10.4,0.1,10.7,0.1,10.1,0.1,40.3,0.1,41.3,0.1,39.4,0.1,81.9,0.1,81,0.1,82.8,0.1,79.4,0.1,78.3,0.1,80.4,0.1,21.2,0.1,19.3,0.1,23,0.1,18.6,0.1,16.8,0.1,20.4,0.1,15.1,0.1,13.3,0.1,16.8,0.1,6.7,0.1,5.3,0.1,8,0.1,39.4,0.1,37.8,0.1,40.8,0.1,94.1,0.1,(X),(X),(X),(X),55.5,0.1,(X),(X),(X),(X),23.5,0.1,(X),(X),(X),(X),32.1,0.1,(X),(X),(X),(X),0.1,(X),(X),(X),(X),(X),1.4,(X),(X),(X),(X),(X)
0400000US26,Michigan,9909600,*****,4869885,756,5039715,756,5.8,0.1,6.1,0.1,5.5,0.1,6.1,0.1,6.4,0.1,5.9,0.1,6.5,0.1,6.7,0.1,6.2,0.1,6.9,0.1,7.2,0.1,6.6,0.1,7.3,0.1,7.6,0.1,7,0.1,6.2,0.1,6.4,0.1,6,0.1,6,0.1,6,0.1,5.9,0.1,5.8,0.1,5.8,0.1,5.7,0.1,6.2,0.1,6.3,0.1,6.2,0.1,6.7,0.1,6.8,0.1,6.7,0.1,7.4,0.1,7.4,0.1,7.4,0.1,7.3,0.1,7.2,0.1,7.4,0.1,6.4,0.1,6.4,0.1,6.5,0.1,5.1,0.1,5,0.1,5.3,0.1,3.6,0.1,3.4,0.1,3.8,0.1,2.6,0.1,2.4,0.1,2.9,0.1,2,0.1,1.6,0.1,2.3,0.1,2.1,0.1,1.4,0.1,2.7,0.1,12.6,0.1,13.1,0.1,12.1,0.1,4.1,0.1,4.3,0.1,3.9,0.1,10.1,0.1,10.5,0.1,9.7,0.1,38.3,0.1,39.3,0.1,37.4,0.1,80.3,0.1,79.4,0.1,81.1,0.1,77.5,0.1,76.6,0.1,78.4,0.1,21.9,0.1,20.2,0.1,23.5,0.1,19.1,0.1,17.5,0.1,20.8,0.1,15.4,0.1,13.8,0.1,16.9,0.1,6.6,0.1,5.4,0.1,7.8,0.1,39.5,0.1,38.1,0.1,40.9,0.1,96.6,0.1,(X),(X),(X),(X),61,0.1,(X),(X),(X),(X),24.8,0.1,(X),(X),(X),(X),36.2,0.1,(X),(X),(X),(X),0.1,(X),(X),(X),(X),(X),1.1,(X),(X),(X),(X),(X)
0400000US27,Minnesota,5450868,*****,2710157,759,2740711,759,6.4,0.1,6.6,0.1,6.2,0.1,6.7,0.1,6.9,0.1,6.5,0.1,6.5,0.1,6.7,0.1,6.4,0.1,6.6,0.1,6.7,0.1,6.4,0.1,6.7,0.1,6.8,0.1,6.5,0.1,6.7,0.1,6.9,0.1,6.5,0.1,7,0.1,7.1,0.1,6.8,0.1,6.2,0.1,6.3,0.1,6,0.1,6.1,0.1,6.2,0.1,6.1,0.1,6.6,0.1,6.6,0.1,6.5,0.1,7.3,0.1,7.3,0.1,7.3,0.1,7,0.1,7,0.1,7,0.1,6,0.1,6,0.1,6,0.1,4.6,0.1,4.5,0.1,4.7,0.1,3.3,0.1,3.1,0.1,3.5,0.1,2.4,0.1,2.2,0.1,2.7,0.1,1.9,0.1,1.6,0.1,2.2,0.1,2.1,0.1,1.5,0.1,2.7,0.1,13.2,0.1,13.6,0.1,12.8,0.1,3.9,0.1,4,0.1,3.8,0.1,9.3,0.1,9.5,0.1,9.1,0.1,39.2,0.1,40.1,0.1,38.3,0.1,79.1,0.1,78.5,0.1,79.7,0.1,76.5,0.1,75.8,0.1,77.1,0.1,20.3,0.1,18.8,0.1,21.8,0.1,17.8,0.1,16.3,0.1,19.2,0.1,14.3,0.1,12.8,0.1,15.7,0.1,6.4,0.1,5.2,0.1,7.6,0.1,37.8,0.2,36.7,0.2,38.8,0.2,98.9,0.1,(X),(X),(X),(X),60.8,0.1,(X),(X),(X),(X),23,0.1,(X),(X),(X),(X),37.8,0.1,(X),(X),(X),(X),0.1,(X),(X),(X),(X),(X),1,(X),(X),(X),(X),(X)
0400000US28,Mississippi,2989192,*****,1450269,1033,1538923,1033,6.4,0.1,6.7,0.1,6.2,0.1,7,0.1,7.3,0.1,6.6,0.1,7,0.1,7.3,0.1,6.6,0.1,7.1,0.1,7.5,0.1,6.8,0.1,7.3,0.1,7.6,0.1,7,0.1,6.6,0.1,6.7,0.1,6.4,0.1,6.5,0.1,6.5,0.1,6.4,0.1,6.1,0.1,6.1,0.1,6.1,0.1,6.4,0.1,6.4,0.1,6.3,0.1,6.3,0.1,6.3,0.1,6.3,0.1,6.8,0.1,6.7,0.1,6.8,0.1,6.6,0.1,6.5,0.1,6.7,0.1,5.8,0.1,5.7,0.1,5.9,0.1,4.8,0.1,4.7,0.1,5,0.1,3.5,0.1,3.2,0.1,3.7,0.1,2.6,0.1,2.3,0.1,2.8,0.1,1.7,0.1,1.4,0.1,2,0.1,1.6,0.1,1,0.1,2.2,0.1,13.9,0.1,14.6,0.1,13.2,0.1,4.1,0.1,4.3,0.1,4,0.1,10.3,0.1,10.7,0.1,9.8,0.1,39.9,0.1,40.8,0.1,39,0.1,78.2,0.1,77.2,0.1,79.3,0.1,75.5,0.1,74.3,0.1,76.6,0.1,20.1,0.1,18.4,0.1,21.7,0.1,17.7,0.1,16,0.1,19.3,0.1,14.3,0.1,12.7,0.1,15.8,0.1,5.9,0.1,4.7,0.1,7.1,0.1,36.7,0.2,35.2,0.2,38.2,0.1,94.2,0.1,(X),(X),(X),(X),63.3,0.1,(X),(X),(X),(X),23.3,0.1,(X),(X),(X),(X),40,0.1,(X),(X),(X),(X),0.1,(X),(X),(X),(X),(X),1.1,(X),(X),(X),(X),(X)
0400000US29,Missouri,6059651,*****,2973317,1121,3086334,1121,6.2,0.1,6.4,0.1,5.9,0.1,6.4,0.1,6.7,0.1,6.2,0.1,6.5,0.1,6.8,0.1,6.2,0.1,6.6,0.1,6.9,0.1,6.3,0.1,7.1,0.1,7.3,0.1,6.8,0.1,6.6,0.1,6.8,0.1,6.5,0.1,6.6,0.1,6.7,0.1,6.5,0.1,6,0.1,6.2,0.1,5.9,0.1,6,0.1,6.1,0.1,6,0.1,6.4,0.1,6.4,0.1,6.3,0.1,7.2,0.1,7.2,0.1,7.2,0.1,7,0.1,6.8,0.1,7.1,0.1,6.1,0.1,6,0.1,6.2,0.1,4.9,0.1,4.8,0.1,5.1,0.1,3.7,0.1,3.5,0.1,3.9,0.1,2.7,0.1,2.4,0.1,3,0.1,2,0.1,1.6,0.1,2.3,0.1,2,0.1,1.4,0.1,2.6,0.1,12.9,0.1,13.5,0.1,12.4,0.1,3.9,0.1,4.1,0.1,3.8,0.1,9.8,0.1,10.1,0.1,9.4,0.1,39,0.1,40,0.1,38,0.1,79.6,0.1,78.7,0.1,80.4,0.1,77,0.1,76,0.1,77.9,0.1,21.4,0.1,19.7,0.1,23.1,0.1,18.9,0.1,17.1,0.1,20.6,0.1,15.3,0.1,13.7,0.1,16.9,0.1,6.7,0.1,5.5,0.1,7.9,0.1,38.3,0.1,36.8,0.2,39.7,0.2,96.3,0.1,(X),(X),(X),(X),62.3,0.1,(X),(X),(X),(X),24.9,0.1,(X),(X),(X),(X),37.4,0.1,(X),(X),(X),(X),0.1,(X),(X),(X),(X),(X),1.2,(X),(X),(X),(X),(X)
0400000US30,Montana,1023391,*****,514191,501,509200,501,6,0.1,6.1,0.1,5.8,0.1,6.4,0.1,6.5,0.2,6.2,0.2,6,0.1,6.1,0.2,6,0.2,6.3,0.1,6.6,0.1,6,0.1,7.1,0.1,7.3,0.1,6.9,0.1,6.2,0.1,6.4,0.1,6.1,0.1,6.3,0.1,6.5,0.1,6.2,0.1,5.9,0.1,5.9,0.2,5.8,0.2,5.5,0.1,5.6,0.2,5.4,0.2,5.9,0.1,5.9,0.1,5.9,0.1,7,0.1,6.9,0.1,7.1,0.1,7.6,0.1,7.4,0.2,7.8,0.2,7.1,0.1,7,0.2,7.2,0.2,5.7,0.1,5.7,0.1,5.7,0.1,4,0.1,4,0.1,4,0.1,2.9,0.1,2.7,0.1,3.1,0.1,2,0.1,1.9,0.1,2.2,0.1,2.1,0.1,1.5,0.1,2.6,0.1,12.4,0.1,12.6,0.1,12.2,0.1,3.6,0.1,3.8,0.1,3.5,0.1,9.8,0.1,10.1,0.1,9.4,0.1,37.3,0.1,38.3,0.1,36.4,0.1,80.4,0.1,80,0.1,80.8,0.1,78,0.1,77.5,0.1,78.5,0.1,23.8,0.1,22.8,0.2,24.8,0.2,20.8,0.1,19.9,0.1,21.7,0.2,16.7,0.1,15.8,0.1,17.6,0.1,7,0.1,6,0.1,7.9,0.1,39.8,0.2,38.7,0.2,40.9,0.2,101,0.2,(X),(X),(X),(X),63.1,0.1,(X),(X),(X),(X),27.2,0.1,(X),(X),(X),(X),35.9,0.1,(X),(X),(X),(X),0.1,(X),(X),(X),(X),(X),1.8,(X),(X),(X),(X),(X)
0400000US31,Nebraska,1881259,*****,935935,600,945324,599,6.9,0.1,7.2,0.1,6.7,0.1,7.1,0.1,7.2,0.1,6.9,0.1,6.9,0.1,7.1,0.1,6.6,0.1,6.8,0.1,7,0.1,6.6,0.1,7.3,0.1,7.5,0.1,7.1,0.1,6.6,0.1,6.8,0.1,6.4,0.1,6.8,0.1,7,0.1,6.7,0.1,6.1,0.1,6.3,0.1,6,0.1,5.9,0.1,6,0.1,5.8,0.1,6,0.1,6,0.1,5.9,0.1,6.7,0.1,6.8,0.1,6.7,0.1,6.6,0.1,6.6,0.1,6.6,0.1,5.9,0.1,5.7,0.1,6,0.1,4.5,0.1,4.5,0.1,4.6,0.1,3.2,0.1,3,0.1,3.5,0.1,2.5,0.1,2.2,0.1,2.8,0.1,2,0.1,1.7,0.1,2.3,0.1,2.2,0.1,1.5,0.1,2.9,0.1,13.9,0.1,14.3,0.1,13.5,0.1,4,0.1,4.2,0.1,3.8,0.1,10.1,0.1,10.4,0.1,9.9,0.1,39.5,0.1,40.6,0.1,38.5,0.1,77.8,0.1,77.1,0.1,78.5,0.1,75.1,0.1,74.4,0.1,75.9,0.1,20.3,0.1,18.6,0.1,22,0.1,17.7,0.1,16,0.1,19.5,0.1,14.4,0.1,12.8,0.1,16,0.1,6.7,0.1,5.4,0.1,8,0.1,36.2,0.1,35.1,0.2,37.5,0.1,99,0.1,(X),(X),(X),(X),64.7,0.1,(X),(X),(X),(X),23.8,0.1,(X),(X),(X),(X),40.9,0.1,(X),(X),(X),(X),0.1,(X),(X),(X),(X),(X),1.6,(X),(X),(X),(X),(X)
0400000US32,Nevada,2839172,*****,1426322,404,1412850,404,6.4,0.1,6.5,0.1,6.2,0.1,6.7,0.1,6.7,0.1,6.6,0.1,6.5,0.1,6.6,0.1,6.4,0.1,6.2,0.1,6.4,0.1,6,0.1,6.6,0.1,6.7,0.1,6.5,0.1,7.2,0.1,7.3,0.1,7.1,0.1,7.1,0.1,7.2,0.1,7,0.1,6.6,0.1,6.7,0.1,6.5,0.1,6.9,0.1,6.9,0.1,6.8,0.1,6.8,0.1,6.9,0.1,6.6,0.1,6.8,0.1,6.8,0.1,6.7,0.1,6.4,0.1,6.3,0.1,6.5,0.1,5.8,0.1,5.6,0.1,6,0.1,5.1,0.1,4.9,0.1,5.3,0.1,3.7,0.1,3.6,0.1,3.8,0.1,2.4,0.1,2.3,0.1,2.5,0.1,1.6,0.1,1.5,0.1,1.7,0.1,1.3,0.1,1,0.1,1.7,0.1,13.1,0.1,13.4,0.1,12.9,0.1,3.9,0.1,4,0.1,3.8,0.1,8.9,0.1,9.1,0.1,8.7,0.1,40.6,0.1,41.2,0.1,40,0.1,79.2,0.1,78.9,0.1,79.5,0.1,76.6,0.1,76.2,0.1,77,0.1,19.9,0.1,18.9,0.1,21,0.1,17.5,0.1,16.5,0.1,18.5,0.1,14.1,0.1,13.3,0.1,15,0.1,5.3,0.1,4.8,0.1,5.9,0.1,37.5,0.2,36.8,0.1,38.1,0.1,101,0.1,(X),(X),(X),(X),60.1,0.1,(X),(X),(X),(X),22.6,0.1,(X),(X),(X),(X),37.5,0.1,(X),(X),(X),(X),0.1,(X),(X),(X),(X),(X),1.5,(X),(X),(X),(X),(X)
0400000US33,New Hampshire,1327503,*****,656507,424,670996,424,4.9,0.1,5,0.1,4.7,0.1,5.6,0.1,5.8,0.1,5.4,0.1,5.8,0.1,6,0.1,5.7,0.1,6.8,0.1,7,0.1,6.6,0.1,6.7,0.1,7,0.1,6.4,0.1,5.9,0.1,6.2,0.1,5.7,0.1,5.7,0.1,5.8,0.1,5.6,0.1,5.7,0.1,5.7,0.2,5.7,0.2,6.3,0.1,6.3,0.2,6.3,0.2,7.5,0.1,7.5,0.1,7.4,0.1,8.4,0.1,8.4,0.1,8.4,0.1,8,0.1,8.1,0.1,8,0.1,6.9,0.1,6.8,0.1,6.9,0.1,5.5,0.1,5.4,0.1,5.6,0.1,3.8,0.1,3.6,0.1,3.9,0.1,2.6,0.1,2.4,0.1,2.9,0.1,1.9,0.1,1.6,0.1,2.2,0.1,2.1,0.1,1.4,0.1,2.7,0.1,11.4,0.1,11.7,0.1,11.1,0.1,3.8,0.1,4,0.1,3.7,0.1,9.7,0.1,9.9,0.1,9.4,0.1,37.1,0.1,38,0.1,36.3,0.1,82.5,0.1,82,0.1,83,0.1,79.9,0.1,79.2,0.1,80.5,0.1,22.7,0.1,21.3,0.1,24.1,0.1,19.8,0.1,18.5,0.1,21.1,0.1,15.8,0.1,14.5,0.1,17.2,0.1,6.6,0.1,5.4,0.1,7.7,0.1,42.4,0.1,41.3,0.1,43.5,0.2,97.8,0.1,(X),(X),(X),(X),56.2,0.1,(X),(X),(X),(X),24.7,0.1,(X),(X),(X),(X),31.4,0.1,(X),(X),(X),(X),0.1,(X),(X),(X),(X),(X),1.3,(X),(X),(X),(X),(X)
0400000US34,New Jersey,8915456,*****,4350531,398,4564925,398,5.9,0.1,6.2,0.1,5.7,0.1,6.2,0.1,6.4,0.1,5.9,0.1,6.4,0.1,6.8,0.1,6.1,0.1,6.5,0.1,6.9,0.1,6.2,0.1,6.4,0.1,6.8,0.1,6,0.1,6.4,0.1,6.7,0.1,6.1,0.1,6.5,0.1,6.6,0.1,6.3,0.1,6.3,0.1,6.4,0.1,6.3,0.1,6.8,0.1,6.8,0.1,6.7,0.1,7.3,0.1,7.3,0.1,7.3,0.1,7.6,0.1,7.6,0.1,7.7,0.1,7,0.1,7,0.1,7.1,0.1,5.9,0.1,5.7,0.1,6.1,0.1,4.7,0.1,4.5,0.1,4.9,0.1,3.4,0.1,3.1,0.1,3.7,0.1,2.5,0.1,2.2,0.1,2.7,0.1,1.9,0.1,1.6,0.1,2.3,0.1,2.2,0.1,1.5,0.1,2.9,0.1,12.6,0.1,13.2,0.1,12.1,0.1,4,0.1,4.2,0.1,3.8,0.1,8.9,0.1,9.4,0.1,8.4,0.1,38.9,0.1,40.2,0.1,37.7,0.1,80.1,0.1,79.2,0.1,81,0.1,77.5,0.1,76.4,0.1,78.4,0.1,20.6,0.1,18.5,0.1,22.6,0.1,18.1,0.1,16.1,0.1,20,0.1,14.7,0.1,12.8,0.1,16.5,0.1,6.6,0.1,5.2,0.1,7.9,0.1,39.5,0.1,37.9,0.2,41,0.1,95.3,0.1,(X),(X),(X),(X),59.4,0.1,(X),(X),(X),(X),23.5,0.1,(X),(X),(X),(X),35.9,0.1,(X),(X),(X),(X),0.1,(X),(X),(X),(X),(X),1.8,(X),(X),(X),(X),(X)
0400000US35,New Mexico,2082669,*****,1031440,762,1051229,762,6.4,0.1,6.7,0.1,6.2,0.1,6.9,0.1,7,0.1,6.7,0.1,6.8,0.1,7,0.1,6.6,0.1,6.8,0.1,7,0.1,6.6,0.1,7.2,0.1,7.5,0.1,6.8,0.1,6.7,0.1,7,0.1,6.4,0.1,6.6,0.1,6.7,0.1,6.4,0.1,6,0.1,6.1,0.1,5.8,0.1,5.8,0.1,5.8,0.1,5.8,0.1,5.9,0.1,5.9,0.1,6,0.1,6.7,0.1,6.6,0.1,6.9,0.1,6.7,0.1,6.4,0.1,7,0.1,6.2,0.1,6.1,0.1,6.4,0.1,5.2,0.1,5,0.1,5.4,0.1,3.7,0.1,3.6,0.1,3.9,0.1,2.7,0.1,2.5,0.1,3,0.1,1.8,0.1,1.6,0.1,2,0.1,1.7,0.1,1.3,0.1,2.2,0.1,13.6,0.1,14,0.1,13.3,0.1,4,0.1,4.2,0.1,3.9,0.1,9.9,0.1,10.4,0.1,9.5,0.1,39,0.1,40.2,0.1,37.8,0.1,78.6,0.1,78,0.1,79.3,0.1,75.9,0.1,75.1,0.1,76.7,0.1,21.5,0.1,20.1,0.1,22.9,0.1,18.9,0.1,17.5,0.1,20.3,0.1,15.3,0.1,14,0.1,16.5,0.1,6.3,0.1,5.5,0.1,7.1,0.1,37.2,0.1,35.7,0.1,38.7,0.1,98.1,0.1,(X),(X),(X),(X),64.9,0.1,(X),(X),(X),(X),25.2,0.1,(X),(X),(X),(X),39.7,0.1,(X),(X),(X),(X),0.1,(X),(X),(X),(X),(X),1.8,(X),(X),(X),(X),(X)
0400000US36,New York,19697457,*****,9555130,945,10142327,945,5.9,0.1,6.3,0.1,5.6,0.1,5.8,0.1,6.2,0.1,5.5,0.1,5.9,0.1,6.3,0.1,5.7,0.1,6.5,0.1,6.8,0.1,6.2,0.1,7.2,0.1,7.5,0.1,7,0.1,7.4,0.1,7.7,0.1,7.2,0.1,6.9,0.1,7.1,0.1,6.8,0.1,6.3,0.1,6.4,0.1,6.2,0.1,6.4,0.1,6.5,0.1,6.4,0.1,6.9,0.1,6.9,0.1,6.9,0.1,7.2,0.1,7.2,0.1,7.2,0.1,6.8,0.1,6.7,0.1,6.8,0.1,5.9,0.1,5.8,0.1,6,0.1,4.7,0.1,4.5,0.1,5,0.1,3.4,0.1,3.1,0.1,3.6,0.1,2.5,0.1,2.2,0.1,2.8,0.1,1.9,0.1,1.6,0.1,2.2,0.1,2.2,0.1,1.4,0.1,2.9,0.1,11.8,0.1,12.4,0.1,11.2,0.1,3.7,0.1,3.9,0.1,3.5,0.1,10,0.1,10.4,0.1,9.6,0.1,40.8,0.1,41.9,0.1,39.8,0.1,81.1,0.1,80,0.1,82,0.1,78.5,0.1,77.4,0.1,79.6,0.1,20.6,0.1,18.6,0.1,22.5,0.1,18.1,0.1,16.1,0.1,19.9,0.1,14.7,0.1,12.8,0.1,16.4,0.1,6.6,0.1,5.2,0.1,7.8,0.1,38.2,0.1,36.6,0.1,39.8,0.1,94.2,0.1,(X),(X),(X),(X),56.6,0.1,(X),(X),(X),(X),23,0.1,(X),(X),(X),(X),33.6,0.1,(X),(X),(X),(X),0.1,(X),(X),(X),(X),(X),1.9,(X),(X),(X),(X),(X)
0400000US37,North Carolina,9940828,*****,4834592,1211,5106236,1211,6.1,0.1,6.4,0.1,5.8,0.1,6.5,0.1,6.8,0.1,6.2,0.1,6.6,0.1,6.9,0.1,6.2,0.1,6.6,0.1,6.9,0.1,6.3,0.1,7,0.1,7.4,0.1,6.6,0.1,6.6,0.1,6.7,0.1,6.5,0.1,6.4,0.1,6.5,0.1,6.4,0.1,6.3,0.1,6.4,0.1,6.3,0.1,6.8,0.1,6.9,0.1,6.8,0.1,6.8,0.1,6.9,0.1,6.8,0.1,7,0.1,7,0.1,7,0.1,6.7,0.1,6.5,0.1,6.8,0.1,5.9,0.1,5.7,0.1,6.1,0.1,5.1,0.1,4.9,0.1,5.3,0.1,3.6,0.1,3.4,0.1,3.8,0.1,2.5,0.1,2.2,0.1,2.8,0.1,1.8,0.1,1.5,0.1,2.1,0.1,1.7,0.1,1.1,0.1,2.2,0.1,13,0.1,13.7,0.1,12.4,0.1,3.9,0.1,4.1,0.1,3.7,0.1,9.7,0.1,10.3,0.1,9.2,0.1,39.8,0.1,40.8,0.1,38.9,0.1,79.5,0.1,78.5,0.1,80.5,0.1,77,0.1,75.9,0.1,78.1,0.1,20.6,0.1,18.8,0.1,22.3,0.1,18.1,0.1,16.4,0.1,19.8,0.1,14.7,0.1,13.1,0.1,16.2,0.1,6,0.1,4.8,0.1,7.1,0.1,38.3,0.1,36.8,0.2,39.7,0.1,94.7,0.1,(X),(X),(X),(X),60.5,0.1,(X),(X),(X),(X),23.6,0.1,(X),(X),(X),(X),36.9,0.1,(X),(X),(X),(X),0.1,(X),(X),(X),(X),(X),1.2,(X),(X),(X),(X),(X)
0400000US38,North Dakota,736162,*****,376979,561,359183,559,7,0.1,6.9,0.1,7,0.1,6.5,0.1,6.6,0.2,6.5,0.2,5.8,0.1,5.8,0.2,5.8,0.2,6.6,0.1,6.7,0.1,6.4,0.1,9.2,0.1,9.7,0.1,8.8,0.1,7.7,0.1,8.2,0.1,7.2,0.1,7,0.1,7.3,0.1,6.6,0.1,5.9,0.2,6.2,0.2,5.6,0.2,5.3,0.2,5.4,0.2,5.2,0.2,5.6,0.1,5.6,0.1,5.6,0.1,6.7,0.1,6.6,0.1,6.7,0.1,6.7,0.1,6.6,0.2,6.9,0.2,5.8,0.1,5.9,0.2,5.7,0.2,4.2,0.1,4.2,0.1,4.3,0.1,3.1,0.1,2.9,0.1,3.3,0.1,2.5,0.1,2.3,0.1,2.7,0.1,2,0.1,1.5,0.1,2.5,0.1,2.4,0.1,1.5,0.1,3.2,0.1,12.3,0.1,12.4,0.1,12.3,0.1,3.5,0.1,3.5,0.1,3.4,0.1,12.3,0.1,12.9,0.1,11.8,0.1,41.7,0.1,43.5,0.1,39.7,0.1,79.5,0.1,79.5,0.1,79.5,0.1,77.2,0.1,77.2,0.1,77.3,0.1,20,0.1,18.3,0.2,21.8,0.2,17.6,0.1,15.8,0.1,19.4,0.2,14.2,0.1,12.4,0.1,16.1,0.1,6.9,0.1,5.4,0.1,8.5,0.1,35.2,0.1,34.1,0.2,36.5,0.2,105,0.3,(X),(X),(X),(X),58.8,0.1,(X),(X),(X),(X),22.6,0.1,(X),(X),(X),(X),36.2,0.1,(X),(X),(X),(X),0,(X),(X),(X),(X),(X),1.5,(X),(X),(X),(X),(X)
0400000US39,Ohio,11586941,*****,5673893,1070,5913048,1070,6,0.1,6.3,0.1,5.7,0.1,6.3,0.1,6.6,0.1,6,0.1,6.5,0.1,6.7,0.1,6.3,0.1,6.7,0.1,7,0.1,6.4,0.1,6.8,0.1,7,0.1,6.5,0.1,6.5,0.1,6.7,0.1,6.3,0.1,6.2,0.1,6.3,0.1,6.1,0.1,5.9,0.1,6,0.1,5.8,0.1,6.3,0.1,6.3,0.1,6.2,0.1,6.6,0.1,6.7,0.1,6.5,0.1,7.2,0.1,7.2,0.1,7.2,0.1,7.2,0.1,7.2,0.1,7.3,0.1,6.3,0.1,6.3,0.1,6.4,0.1,5.1,0.1,4.9,0.1,5.2,0.1,3.6,0.1,3.3,0.1,3.9,0.1,2.7,0.1,2.4,0.1,3,0.1,2,0.1,1.6,0.1,2.3,0.1,2.2,0.1,1.5,0.1,2.9,0.1,12.8,0.1,13.3,0.1,12.2,0.1,4,0.1,4.2,0.1,3.8,0.1,9.5,0.1,9.9,0.1,9.1,0.1,38.3,0.1,39.4,0.1,37.3,0.1,79.9,0.1,79,0.1,80.7,0.1,77.2,0.1,76.2,0.1,78.2,0.1,21.8,0.1,20,0.1,23.6,0.1,19.2,0.1,17.3,0.1,20.9,0.1,15.5,0.1,13.7,0.1,17.2,0.1,6.8,0.1,5.5,0.1,8.1,0.1,39.3,0.1,37.8,0.2,40.8,0.1,96,0.1,(X),(X),(X),(X),62,0.1,(X),(X),(X),(X),25.1,0.1,(X),(X),(X),(X),36.9,0.1,(X),(X),(X),(X),0.1,(X),(X),(X),(X),(X),1.3,(X),(X),(X),(X),(X)
0400000US40,Oklahoma,3875589,*****,1919995,673,1955594,673,6.9,0.1,7.1,0.1,6.6,0.1,6.9,0.1,7.2,0.1,6.7,0.1,6.8,0.1,7,0.1,6.6,0.1,6.7,0.1,7,0.1,6.4,0.1,7.3,0.1,7.6,0.1,7.1,0.1,6.9,0.1,7.1,0.1,6.7,0.1,6.9,0.1,7,0.1,6.7,0.1,6.1,0.1,6.2,0.1,5.9,0.1,6.1,0.1,6.2,0.1,6.1,0.1,6,0.1,6,0.1,5.9,0.1,6.7,0.1,6.7,0.1,6.7,0.1,6.6,0.1,6.4,0.1,6.7,0.1,5.7,0.1,5.5,0.1,5.9,0.1,4.7,0.1,4.5,0.1,5,0.1,3.6,0.1,3.4,0.1,3.8,0.1,2.6,0.1,2.4,0.1,2.9,0.1,1.9,0.1,1.6,0.1,2.2,0.1,1.7,0.1,1.2,0.1,2.2,0.1,13.7,0.1,14.2,0.1,13.3,0.1,4,0.1,4.1,0.1,3.8,0.1,10,0.1,10.5,0.1,9.6,0.1,40,0.1,41.1,0.1,38.9,0.1,78.1,0.1,77.4,0.1,78.7,0.1,75.4,0.1,74.6,0.1,76.2,0.1,20.2,0.1,18.5,0.1,21.9,0.1,17.8,0.1,16.2,0.1,19.4,0.1,14.5,0.1,13,0.1,16,0.1,6.2,0.1,5.1,0.1,7.2,0.1,36.2,0.1,35,0.1,37.6,0.2,98.2,0.1,(X),(X),(X),(X),64.1,0.1,(X),(X),(X),(X),23.8,0.1,(X),(X),(X),(X),40.3,0.1,(X),(X),(X),(X),0.1,(X),(X),(X),(X),(X),1.4,(X),(X),(X),(X),(X)
0400000US41,Oregon,3982267,*****,1971512,746,2010755,746,5.8,0.1,6,0.1,5.6,0.1,6.1,0.1,6.3,0.1,5.9,0.1,6,0.1,6.2,0.1,5.8,0.1,6.2,0.1,6.4,0.1,6,0.1,6.7,0.1,6.9,0.1,6.5,0.1,6.8,0.1,7,0.1,6.6,0.1,6.9,0.1,7,0.1,6.8,0.1,6.6,0.1,6.7,0.1,6.5,0.1,6.5,0.1,6.7,0.1,6.2,0.1,6.3,0.1,6.4,0.1,6.2,0.1,6.6,0.1,6.6,0.1,6.7,0.1,6.8,0.1,6.6,0.1,7,0.1,6.8,0.1,6.6,0.1,6.9,0.1,5.6,0.1,5.4,0.1,5.7,0.1,3.8,0.1,3.7,0.1,4,0.1,2.6,0.1,2.4,0.1,2.8,0.1,1.8,0.1,1.6,0.1,2,0.1,2.1,0.1,1.5,0.1,2.7,0.1,12.1,0.1,12.5,0.1,11.7,0.1,3.7,0.1,3.8,0.1,3.6,0.1,9.2,0.1,9.5,0.1,8.9,0.1,39.7,0.1,40.7,0.1,38.6,0.1,80.9,0.1,80.2,0.1,81.5,0.1,78.4,0.1,77.6,0.1,79.1,0.1,22.7,0.1,21.2,0.1,24.1,0.1,19.9,0.1,18.5,0.1,21.3,0.1,15.9,0.1,14.6,0.1,17.2,0.1,6.5,0.1,5.5,0.1,7.5,0.1,39.1,0.1,38,0.1,40.2,0.1,98,0.1,(X),(X),(X),(X),60.2,0.1,(X),(X),(X),(X),25.5,0.1,(X),(X),(X),(X),34.6,0.1,(X),(X),(X),(X),0.1,(X),(X),(X),(X),(X),1.5,(X),(X),(X),(X),(X)
0400000US42,Pennsylvania,12783977,*****,6255042,871,6528935,871,5.6,0.1,5.8,0.1,5.3,0.1,5.8,0.1,6.1,0.1,5.6,0.1,6,0.1,6.3,0.1,5.7,0.1,6.6,0.1,6.9,0.1,6.3,0.1,6.8,0.1,7.1,0.1,6.5,0.1,6.6,0.1,6.9,0.1,6.4,0.1,6.2,0.1,6.4,0.1,6,0.1,5.7,0.1,5.8,0.1,5.6,0.1,6.1,0.1,6.2,0.1,6,0.1,6.7,0.1,6.8,0.1,6.7,0.1,7.4,0.1,7.4,0.1,7.4,0.1,7.3,0.1,7.3,0.1,7.3,0.1,6.4,0.1,6.4,0.1,6.5,0.1,5.2,0.1,5.1,0.1,5.4,0.1,3.8,0.1,3.5,0.1,4.1,0.1,2.9,0.1,2.5,0.1,3.2,0.1,2.3,0.1,1.8,0.1,2.7,0.1,2.5,0.1,1.7,0.1,3.3,0.1,11.8,0.1,12.3,0.1,11.3,0.1,3.8,0.1,4,0.1,3.6,0.1,9.6,0.1,10,0.1,9.3,0.1,38,0.1,39.3,0.1,36.8,0.1,81.4,0.1,80.5,0.1,82.2,0.1,78.8,0.1,77.9,0.1,79.8,0.1,23.1,0.1,21,0.1,25.2,0.1,20.4,0.1,18.3,0.1,22.4,0.1,16.7,0.1,14.7,0.1,18.6,0.1,7.7,0.1,6.1,0.1,9.2,0.1,40.6,0.1,38.9,0.2,42.2,0.2,95.8,0.1,(X),(X),(X),(X),60.9,0.1,(X),(X),(X),(X),26.8,0.1,(X),(X),(X),(X),34,0.1,(X),(X),(X),(X),0.1,(X),(X),(X),(X),(X),1.1,(X),(X),(X),(X),(X)
0400000US44,Rhode Island,1054491,*****,511297,301,543194,301,5.2,0.1,5.5,0.1,4.9,0.1,5.4,0.1,5.8,0.2,5,0.2,5.9,0.1,6.2,0.2,5.7,0.2,7.1,0.1,7.3,0.1,6.9,0.1,7.7,0.1,8.1,0.1,7.4,0.1,6.8,0.1,7.2,0.1,6.5,0.1,6.2,0.1,6.4,0.1,6.1,0.1,5.8,0.1,5.9,0.2,5.7,0.2,6.2,0.1,6.2,0.2,6.1,0.2,6.9,0.1,6.9,0.1,6.9,0.1,7.5,0.1,7.5,0.1,7.6,0.1,7.3,0.1,7.2,0.2,7.3,0.1,6.2,0.1,6.1,0.2,6.3,0.1,4.9,0.1,4.8,0.1,5.1,0.1,3.6,0.1,3.4,0.1,3.7,0.1,2.5,0.1,2.2,0.1,2.7,0.1,2.1,0.1,1.8,0.1,2.4,0.1,2.7,0.1,1.6,0.1,3.8,0.1,11.3,0.1,11.9,0.1,10.7,0.1,3.7,0.1,3.9,0.1,3.5,0.1,11.1,0.1,11.5,0.1,10.8,0.1,39.8,0.1,41.1,0.1,38.6,0.1,82.3,0.1,81.4,0.1,83.2,0.1,79.9,0.1,78.7,0.1,80.9,0.1,22,0.1,19.9,0.2,24,0.1,19.4,0.1,17.4,0.2,21.3,0.1,15.8,0.1,13.8,0.1,17.6,0.1,7.3,0.1,5.6,0.1,8.8,0.1,39.9,0.1,38.1,0.2,41.5,0.2,94.1,0.1,(X),(X),(X),(X),56.1,0.1,(X),(X),(X),(X),24.6,0.1,(X),(X),(X),(X),31.4,0.1,(X),(X),(X),(X),0.1,(X),(X),(X),(X),(X),1.7,(X),(X),(X),(X),(X)
0400000US45,South Carolina,4834605,*****,2348338,909,2486267,909,6,0.1,6.3,0.1,5.8,0.1,6.4,0.1,6.7,0.1,6.1,0.1,6.3,0.1,6.6,0.1,6,0.1,6.5,0.1,6.9,0.1,6.2,0.1,7.2,0.1,7.6,0.1,6.8,0.1,6.6,0.1,6.8,0.1,6.5,0.1,6.3,0.1,6.4,0.1,6.2,0.1,6,0.1,6,0.1,6,0.1,6.3,0.1,6.5,0.1,6.2,0.1,6.5,0.1,6.5,0.1,6.5,0.1,7,0.1,6.9,0.1,7,0.1,6.8,0.1,6.5,0.1,7,0.1,6.3,0.1,6.1,0.1,6.6,0.1,5.6,0.1,5.4,0.1,5.8,0.1,4,0.1,3.8,0.1,4.2,0.1,2.7,0.1,2.5,0.1,2.9,0.1,1.8,0.1,1.5,0.1,2,0.1,1.7,0.1,1.1,0.1,2.2,0.1,12.7,0.1,13.2,0.1,12.1,0.1,3.8,0.1,4,0.1,3.6,0.1,9.9,0.1,10.5,0.1,9.4,0.1,39,0.1,40.1,0.1,38,0.1,80.1,0.1,79.2,0.1,81,0.1,77.5,0.1,76.5,0.1,78.5,0.1,22.1,0.1,20.4,0.1,23.7,0.1,19.5,0.1,17.9,0.1,21,0.1,15.8,0.1,14.3,0.1,17.1,0.1,6.1,0.1,5.1,0.1,7.1,0.1,38.8,0.2,37.3,0.1,40.3,0.1,94.5,0.1,(X),(X),(X),(X),61.8,0.1,(X),(X),(X),(X),25.5,0.1,(X),(X),(X),(X),36.3,0.1,(X),(X),(X),(X),0.1,(X),(X),(X),(X),(X),1.4,(X),(X),(X),(X),(X)
0400000US46,South Dakota,851058,*****,428134,530,422924,530,7.1,0.1,7.2,0.1,7,0.1,7.1,0.1,7.2,0.2,6.9,0.2,6.6,0.1,6.8,0.2,6.4,0.2,6.7,0.1,6.9,0.1,6.6,0.1,7.1,0.1,7.4,0.1,6.9,0.1,6.6,0.1,6.8,0.1,6.3,0.1,6.5,0.1,6.7,0.1,6.4,0.1,5.8,0.1,6,0.2,5.7,0.2,5.5,0.1,5.6,0.2,5.4,0.2,5.8,0.1,5.8,0.1,5.7,0.1,6.8,0.1,6.8,0.1,6.8,0.1,7,0.1,7,0.1,6.9,0.2,6.2,0.1,6.1,0.1,6.3,0.2,4.7,0.1,4.8,0.1,4.7,0.1,3.4,0.1,3.2,0.1,3.5,0.1,2.6,0.1,2.3,0.1,2.8,0.1,2.2,0.1,1.8,0.1,2.5,0.1,2.4,0.1,1.6,0.1,3.2,0.1,13.7,0.1,14,0.1,13.3,0.1,3.9,0.1,4,0.1,3.8,0.1,10,0.1,10.3,0.1,9.6,0.1,38.4,0.1,39.5,0.1,37.2,0.1,78,0.1,77.5,0.1,78.5,0.1,75.4,0.1,74.8,0.1,75.9,0.1,21.4,0.1,19.7,0.2,23,0.2,18.8,0.1,17.2,0.1,20.4,0.2,15.2,0.1,13.7,0.1,16.7,0.1,7.1,0.1,5.7,0.1,8.5,0.1,36.8,0.2,35.7,0.1,38.1,0.2,101.2,0.3,(X),(X),(X),(X),66.1,0.1,(X),(X),(X),(X),25.2,0.1,(X),(X),(X),(X),40.9,0.1,(X),(X),(X),(X),0.1,(X),(X),(X),(X),(X),1.2,(X),(X),(X),(X),(X)
0400000US47,Tennessee,6548009,*****,3191977,1226,3356032,1226,6.1,0.1,6.4,0.1,5.9,0.1,6.4,0.1,6.6,0.1,6.1,0.1,6.4,0.1,6.8,0.1,6.2,0.1,6.4,0.1,6.7,0.1,6.1,0.1,7,0.1,7.2,0.1,6.8,0.1,6.7,0.1,6.8,0.1,6.5,0.1,6.5,0.1,6.6,0.1,6.4,0.1,6.3,0.1,6.4,0.1,6.2,0.1,6.5,0.1,6.7,0.1,6.4,0.1,6.7,0.1,6.7,0.1,6.6,0.1,7,0.1,7,0.1,7.1,0.1,6.8,0.1,6.6,0.1,6.9,0.1,6.1,0.1,5.9,0.1,6.3,0.1,5.2,0.1,5.1,0.1,5.4,0.1,3.7,0.1,3.5,0.1,3.9,0.1,2.6,0.1,2.4,0.1,2.9,0.1,1.8,0.1,1.5,0.1,2.2,0.1,1.6,0.1,1.1,0.1,2.2,0.1,12.8,0.1,13.4,0.1,12.2,0.1,3.9,0.1,4.1,0.1,3.7,0.1,9.6,0.1,9.9,0.1,9.2,0.1,39.4,0.1,40.3,0.1,38.6,0.1,79.8,0.1,78.8,0.1,80.6,0.1,77.2,0.1,76.1,0.1,78.2,0.1,21.1,0.1,19.5,0.1,22.7,0.1,18.6,0.1,17,0.1,20.1,0.1,15,0.1,13.5,0.1,16.5,0.1,6.1,0.1,5,0.1,7.2,0.1,38.5,0.1,37.2,0.2,39.8,0.1,95.1,0.1,(X),(X),(X),(X),60.9,0.1,(X),(X),(X),(X),24.2,0.1,(X),(X),(X),(X),36.7,0.1,(X),(X),(X),(X),0.1,(X),(X),(X),(X),(X),1.4,(X),(X),(X),(X),(X)
0400000US48,Texas,26956435,*****,13379165,1772,13577270,1772,7.3,0.1,7.5,0.1,7.1,0.1,7.5,0.1,7.7,0.1,7.3,0.1,7.4,0.1,7.6,0.1,7.1,0.1,7.1,0.1,7.4,0.1,6.9,0.1,7.3,0.1,7.6,0.1,7,0.1,7.3,0.1,7.5,0.1,7.1,0.1,7.2,0.1,7.3,0.1,7.1,0.1,6.8,0.1,6.8,0.1,6.7,0.1,6.7,0.1,6.8,0.1,6.7,0.1,6.4,0.1,6.4,0.1,6.4,0.1,6.5,0.1,6.4,0.1,6.5,0.1,5.9,0.1,5.8,0.1,6,0.1,5,0.1,4.9,0.1,5.2,0.1,4,0.1,3.8,0.1,4.2,0.1,2.8,0.1,2.6,0.1,3,0.1,2,0.1,1.8,0.1,2.2,0.1,1.4,0.1,1.2,0.1,1.6,0.1,1.3,0.1,0.9,0.1,1.7,0.1,14.8,0.1,15.2,0.1,14.4,0.1,4.3,0.1,4.4,0.1,4.2,0.1,10.2,0.1,10.6,0.1,9.8,0.1,42.5,0.1,43.4,0.1,41.6,0.1,76.4,0.1,75.7,0.1,77.1,0.1,73.5,0.1,72.8,0.1,74.3,0.1,16.5,0.1,15.1,0.1,17.9,0.1,14.4,0.1,13,0.1,15.7,0.1,11.5,0.1,10.2,0.1,12.7,0.1,4.7,0.1,3.8,0.1,5.5,0.1,34.2,0.1,33.2,0.1,35.2,0.1,98.5,0.1,(X),(X),(X),(X),61.2,0.1,(X),(X),(X),(X),18.5,0.1,(X),(X),(X),(X),42.6,0.1,(X),(X),(X),(X),0.1,(X),(X),(X),(X),(X),1.3,(X),(X),(X),(X),(X)
0400000US49,Utah,2948427,*****,1483055,414,1465372,414,8.6,0.1,8.8,0.1,8.4,0.1,8.8,0.1,8.9,0.1,8.7,0.1,8.5,0.1,8.8,0.1,8.2,0.1,7.7,0.1,7.8,0.1,7.7,0.1,8.4,0.1,8.6,0.1,8.3,0.1,7.3,0.1,7.4,0.1,7.3,0.1,7.6,0.1,7.7,0.1,7.5,0.1,7.2,0.1,7.2,0.1,7.1,0.1,5.9,0.1,6,0.1,5.8,0.1,5.2,0.1,5.3,0.1,5.2,0.1,5.2,0.1,5.2,0.1,5.3,0.1,5,0.1,4.9,0.1,5.1,0.1,4.4,0.1,4.3,0.1,4.5,0.1,3.4,0.1,3.3,0.1,3.6,0.1,2.4,0.1,2.3,0.1,2.6,0.1,1.8,0.1,1.6,0.1,1.9,0.1,1.3,0.1,1.1,0.1,1.4,0.1,1.1,0.1,0.9,0.1,1.4,0.1,17.3,0.1,17.7,0.1,16.9,0.1,4.8,0.1,4.9,0.1,4.7,0.1,11.4,0.1,11.5,0.1,11.3,0.1,44.2,0.1,44.8,0.1,43.7,0.1,72.5,0.1,71.9,0.1,73,0.1,69.3,0.1,68.7,0.1,70,0.1,14.4,0.1,13.4,0.1,15.4,0.1,12.5,0.1,11.6,0.1,13.5,0.1,10,0.1,9.2,0.1,10.9,0.1,4.2,0.1,3.6,0.1,4.7,0.1,30.3,0.2,29.8,0.1,30.9,0.1,101.2,0.1,(X),(X),(X),(X),68.7,0.1,(X),(X),(X),(X),16.9,0.1,(X),(X),(X),(X),51.8,0.1,(X),(X),(X),(X),0.1,(X),(X),(X),(X),(X),1.7,(X),(X),(X),(X),(X)
0400000US50,Vermont,626249,*****,308711,340,317538,340,4.8,0.1,5.1,0.1,4.6,0.1,5.3,0.1,5.5,0.2,5.1,0.2,5.6,0.1,5.8,0.2,5.3,0.2,7.1,0.1,7.3,0.1,6.9,0.1,7.3,0.1,7.7,0.1,7,0.1,5.7,0.1,5.9,0.1,5.6,0.1,5.7,0.1,5.8,0.1,5.7,0.1,5.5,0.1,5.4,0.2,5.5,0.2,6,0.1,6.1,0.2,5.9,0.2,6.8,0.1,6.7,0.1,6.8,0.1,7.9,0.1,7.8,0.1,8,0.1,8,0.1,8,0.2,8,0.1,7.3,0.1,7.1,0.2,7.4,0.1,5.8,0.1,5.7,0.1,5.9,0.1,4.1,0.1,4.1,0.1,4.1,0.1,2.7,0.1,2.5,0.1,3,0.1,2.1,0.1,1.7,0.1,2.4,0.1,2.2,0.1,1.6,0.1,2.8,0.1,10.9,0.1,11.4,0.1,10.4,0.1,3.7,0.1,3.8,0.1,3.6,0.1,10.7,0.1,11.2,0.1,10.3,0.1,37.4,0.1,38.2,0.1,36.5,0.1,83.1,0.1,82.3,0.1,83.8,0.1,80.6,0.1,79.7,0.1,81.4,0.1,24.2,0.1,22.8,0.2,25.6,0.2,21.2,0.1,19.8,0.1,22.5,0.1,17,0.1,15.6,0.1,18.2,0.1,7,0.1,5.8,0.1,8.2,0.1,42.6,0.1,41.3,0.2,43.8,0.1,97.2,0.2,(X),(X),(X),(X),57.2,0.1,(X),(X),(X),(X),26.7,0.1,(X),(X),(X),(X),30.5,0.1,(X),(X),(X),(X),0.1,(X),(X),(X),(X),(X),1.3,(X),(X),(X),(X),(X)
0400000US51,Virginia,8310301,*****,4086283,1410,4224018,1410,6.1,0.1,6.4,0.1,5.9,0.1,6.3,0.1,6.5,0.1,6.1,0.1,6.2,0.1,6.5,0.1,6,0.1,6.6,0.1,6.8,0.1,6.4,0.1,7.1,0.1,7.5,0.1,6.7,0.1,7,0.1,7.2,0.1,6.8,0.1,6.9,0.1,7,0.1,6.8,0.1,6.5,0.1,6.5,0.1,6.4,0.1,6.7,0.1,6.8,0.1,6.6,0.1,7,0.1,6.9,0.1,7,0.1,7.3,0.1,7.3,0.1,7.3,0.1,6.7,0.1,6.6,0.1,6.8,0.1,5.9,0.1,5.7,0.1,6,0.1,4.8,0.1,4.6,0.1,4.9,0.1,3.4,0.1,3.2,0.1,3.6,0.1,2.3,0.1,2.1,0.1,2.5,0.1,1.6,0.1,1.4,0.1,1.9,0.1,1.7,0.1,1.1,0.1,2.2,0.1,12.5,0.1,13,0.1,12.1,0.1,3.8,0.1,3.9,0.1,3.6,0.1,9.9,0.1,10.4,0.1,9.4,0.1,40.8,0.1,41.8,0.1,39.7,0.1,80.1,0.1,79.3,0.1,80.8,0.1,77.6,0.1,76.7,0.1,78.4,0.1,19.6,0.1,18,0.1,21.2,0.1,17.2,0.1,15.6,0.1,18.7,0.1,13.8,0.1,12.3,0.1,15.2,0.1,5.6,0.1,4.6,0.1,6.6,0.1,37.8,0.2,36.5,0.1,39.1,0.2,96.7,0.1,(X),(X),(X),(X),56.8,0.1,(X),(X),(X),(X),21.6,0.1,(X),(X),(X),(X),35.2,0.1,(X),(X),(X),(X),0.1,(X),(X),(X),(X),(X),1.6,(X),(X),(X),(X),(X)
0400000US53,Washington,7073146,*****,3529431,735,3543715,735,6.3,0.1,6.5,0.1,6.2,0.1,6.3,0.1,6.5,0.1,6.2,0.1,6.2,0.1,6.4,0.1,6.1,0.1,6.2,0.1,6.4,0.1,6,0.1,6.9,0.1,7.2,0.1,6.6,0.1,7.3,0.1,7.5,0.1,7.1,0.1,7.2,0.1,7.3,0.1,7,0.1,6.6,0.1,6.7,0.1,6.5,0.1,6.5,0.1,6.6,0.1,6.4,0.1,6.5,0.1,6.6,0.1,6.5,0.1,6.9,0.1,6.9,0.1,6.9,0.1,6.8,0.1,6.7,0.1,6.9,0.1,6.2,0.1,6,0.1,6.3,0.1,4.9,0.1,4.8,0.1,5.1,0.1,3.4,0.1,3.3,0.1,3.6,0.1,2.3,0.1,2.1,0.1,2.5,0.1,1.7,0.1,1.4,0.1,1.9,0.1,1.8,0.1,1.3,0.1,2.3,0.1,12.6,0.1,12.9,0.1,12.3,0.1,3.8,0.1,3.9,0.1,3.7,0.1,9.4,0.1,9.8,0.1,9,0.1,40.6,0.1,41.7,0.1,39.6,0.1,79.8,0.1,79.4,0.1,80.3,0.1,77.3,0.1,76.7,0.1,77.9,0.1,20.2,0.1,18.7,0.1,21.6,0.1,17.6,0.1,16.2,0.1,18.9,0.1,14,0.1,12.8,0.1,15.3,0.1,5.7,0.1,4.8,0.1,6.6,0.1,37.6,0.1,36.6,0.1,38.6,0.1,99.6,0.1,(X),(X),(X),(X),58,0.1,(X),(X),(X),(X),22.2,0.1,(X),(X),(X),(X),35.9,0.1,(X),(X),(X),(X),0.1,(X),(X),(X),(X),(X),1.4,(X),(X),(X),(X),(X)
0400000US54,West Virginia,1846092,*****,912270,672,933822,672,5.5,0.1,5.7,0.1,5.3,0.1,5.7,0.1,5.9,0.1,5.5,0.1,5.8,0.1,6,0.1,5.6,0.1,6,0.1,6.3,0.1,5.8,0.1,6.7,0.1,6.9,0.1,6.5,0.1,5.9,0.1,6.1,0.1,5.7,0.1,6,0.1,6.1,0.1,5.8,0.1,6,0.1,6.1,0.1,5.9,0.1,6.4,0.1,6.6,0.1,6.2,0.1,6.5,0.1,6.6,0.1,6.4,0.1,7.1,0.1,7.1,0.1,7.2,0.1,7.5,0.1,7.3,0.1,7.6,0.1,7.2,0.1,7.1,0.1,7.2,0.1,6,0.1,5.9,0.1,6.1,0.1,4.3,0.1,4.1,0.1,4.5,0.1,3.2,0.1,2.9,0.1,3.4,0.1,2.2,0.1,1.8,0.1,2.5,0.1,2.1,0.1,1.4,0.1,2.9,0.1,11.5,0.1,11.9,0.1,11.1,0.1,3.6,0.1,3.7,0.1,3.4,0.1,9.2,0.1,9.5,0.1,8.8,0.1,36.9,0.1,38.1,0.1,35.8,0.1,81.8,0.1,81.1,0.1,82.4,0.1,79.4,0.1,78.7,0.1,80.2,0.1,24.9,0.1,23.2,0.1,26.6,0.1,22,0.1,20.3,0.1,23.6,0.1,17.8,0.1,16.1,0.1,19.4,0.1,7.5,0.1,6.1,0.1,8.8,0.1,41.9,0.1,40.7,0.2,43.1,0.2,97.7,0.1,(X),(X),(X),(X),62.2,0.1,(X),(X),(X),(X),28.8,0.1,(X),(X),(X),(X),33.4,0.1,(X),(X),(X),(X),0.1,(X),(X),(X),(X),(X),1,(X),(X),(X),(X),(X)
0400000US55,Wisconsin,5754798,*****,2859055,805,2895743,805,5.9,0.1,6.1,0.1,5.7,0.1,6.3,0.1,6.5,0.1,6.2,0.1,6.4,0.1,6.7,0.1,6.2,0.1,6.7,0.1,6.9,0.1,6.5,0.1,7,0.1,7.2,0.1,6.8,0.1,6.2,0.1,6.4,0.1,6,0.1,6.4,0.1,6.6,0.1,6.3,0.1,6,0.1,6.1,0.1,5.9,0.1,6.1,0.1,6.2,0.1,5.9,0.1,6.7,0.1,6.7,0.1,6.6,0.1,7.5,0.1,7.5,0.1,7.5,0.1,7.3,0.1,7.2,0.1,7.3,0.1,6.3,0.1,6.3,0.1,6.3,0.1,4.9,0.1,4.8,0.1,5,0.1,3.5,0.1,3.3,0.1,3.7,0.1,2.6,0.1,2.3,0.1,2.8,0.1,2,0.1,1.7,0.1,2.3,0.1,2.2,0.1,1.5,0.1,2.9,0.1,12.8,0.1,13.2,0.1,12.4,0.1,3.9,0.1,4,0.1,3.8,0.1,9.8,0.1,10,0.1,9.5,0.1,38.4,0.1,39.3,0.1,37.5,0.1,80,0.1,79.4,0.1,80.6,0.1,77.4,0.1,76.7,0.1,78,0.1,21.5,0.1,20,0.1,23,0.1,18.8,0.1,17.3,0.1,20.4,0.1,15.2,0.1,13.7,0.1,16.7,0.1,6.8,0.1,5.5,0.1,8,0.1,39.1,0.1,38,0.2,40.3,0.1,98.7,0.1,(X),(X),(X),(X),60.8,0.1,(X),(X),(X),(X),24.5,0.1,(X),(X),(X),(X),36.4,0.1,(X),(X),(X),(X),0.1,(X),(X),(X),(X),(X),1,(X),(X),(X),(X),(X)
0400000US56,Wyoming,583029,*****,297691,547,285338,547,6.5,0.1,6.5,0.1,6.5,0.1,6.9,0.2,6.9,0.2,7,0.3,6.6,0.2,6.9,0.3,6.4,0.2,6.3,0.1,6.5,0.1,6.1,0.2,7.2,0.1,7.6,0.2,6.9,0.1,7,0.1,7.1,0.1,6.8,0.1,7,0.1,7.1,0.1,6.9,0.1,6.2,0.2,6.2,0.2,6.1,0.2,6,0.2,6.1,0.2,5.8,0.2,5.8,0.1,5.9,0.1,5.7,0.1,6.8,0.1,6.6,0.1,7,0.1,7.1,0.2,6.9,0.2,7.2,0.2,6.7,0.2,6.8,0.2,6.7,0.2,4.8,0.1,4.9,0.2,4.8,0.1,3.4,0.1,3.1,0.2,3.6,0.2,2.3,0.1,2.1,0.1,2.4,0.1,1.7,0.1,1.5,0.1,1.9,0.1,1.7,0.1,1.2,0.1,2.1,0.1,13.5,0.1,13.7,0.2,13.3,0.1,3.8,0.1,3.9,0.1,3.6,0.1,9.8,0.1,10.2,0.2,9.4,0.1,39.7,0.2,40.7,0.2,38.6,0.2,78.8,0.1,78.6,0.2,78.9,0.2,76.2,0.1,75.9,0.1,76.5,0.1,20.6,0.2,19.6,0.2,21.6,0.2,17.7,0.2,16.7,0.2,18.7,0.2,13.8,0.1,12.8,0.1,14.9,0.1,5.6,0.1,4.8,0.1,6.5,0.1,36.8,0.2,36,0.2,37.8,0.2,104.3,0.4,(X),(X),(X),(X),60.4,0.2,(X),(X),(X),(X),22.2,0.1,(X),(X),(X),(X),38.2,0.2,(X),(X),(X),(X),0.1,(X),(X),(X),(X),(X),1.6,(X),(X),(X),(X),(X)
0400000US72,Puerto Rico,3529385,*****,1685787,207,1843598,207,5.2,0.1,5.6,0.1,4.9,0.1,5.8,0.1,6.3,0.1,5.4,0.1,6.5,0.1,6.9,0.1,6.1,0.1,7.1,0.1,7.6,0.1,6.6,0.1,7.2,0.1,7.6,0.1,6.9,0.1,6.4,0.1,6.6,0.1,6.2,0.1,6.2,0.1,6.2,0.1,6.2,0.1,6.3,0.1,6.3,0.1,6.3,0.1,6.4,0.1,6.4,0.1,6.4,0.1,6.5,0.1,6.4,0.1,6.6,0.1,6.6,*****,6.4,0.1,6.8,0.1,6.2,0.1,6,0.1,6.4,0.1,6.1,0.1,5.8,0.1,6.4,0.1,5.6,0.1,5.3,0.1,5.8,0.1,4.4,0.1,4.1,0.1,4.6,0.1,3.2,0.1,3,0.1,3.5,0.1,2.1,0.1,1.9,0.1,2.4,0.1,2.1,0.1,1.6,0.1,2.5,0.1,12.3,0.1,13.3,0.1,11.5,0.1,4.2,0.1,4.5,0.1,3.9,0.1,10.1,0.1,10.7,0.1,9.6,0.1,39.6,0.1,40.7,0.1,38.6,0.1,81.1,0.1,79.7,0.1,82.4,0.1,78.3,*****,76.6,0.1,79.7,0.1,23.5,0.1,21.6,0.1,25.2,0.1,21,0.1,19.2,0.1,22.7,0.1,17.4,*****,15.8,0.1,18.8,0.1,7.4,*****,6.4,0.1,8.4,0.1,39.4,0.2,37.4,0.1,41.1,0.1,91.4,0.1,(X),(X),(X),(X),64.3,*****,(X),(X),(X),(X),28.6,*****,(X),(X),(X),(X),35.7,*****,(X),(X),(X),(X),0.1,(X),(X),(X),(X),(X),1.5,(X),(X),(X),(X),(X)
