Id,Id2,Geography,Total; Estimate; Total population,Total; Margin of Error; Total population,Male; Estimate; Total population,Male; Margin of Error; Total population,Female; Estimate; Total population,Female; Margin of Error; Total population,Total; Estimate; AGE - Under 5 years,Total; Margin of Error; AGE - Under 5 years,Male; Estimate; AGE - Under 5 years,Male; Margin of Error; AGE - Under 5 years,Female; Estimate; AGE - Under 5 years,Female; Margin of Error; AGE - Under 5 years,Total; Estimate; AGE - 5 to 9 years,Total; Margin of Error; AGE - 5 to 9 years,Male; Estimate; AGE - 5 to 9 years,Male; Margin of Error; AGE - 5 to 9 years,Female; Estimate; AGE - 5 to 9 years,Female; Margin of Error; AGE - 5 to 9 years,Total; Estimate; AGE - 10 to 14 years,Total; Margin of Error; AGE - 10 to 14 years,Male; Estimate; AGE - 10 to 14 years,Male; Margin of Error; AGE - 10 to 14 years,Female; Estimate; AGE - 10 to 14 years,Female; Margin of Error; AGE - 10 to 14 years,Total; Estimate; AGE - 15 to 19 years,Total; Margin of Error; AGE - 15 to 19 years,Male; Estimate; AGE - 15 to 19 years,Male; Margin of Error; AGE - 15 to 19 years,Female; Estimate; AGE - 15 to 19 years,Female; Margin of Error; AGE - 15 to 19 years,Total; Estimate; AGE - 20 to 24 years,Total; Margin of Error; AGE - 20 to 24 years,Male; Estimate; AGE - 20 to 24 years,Male; Margin of Error; AGE - 20 to 24 years,Female; Estimate; AGE - 20 to 24 years,Female; Margin of Error; AGE - 20 to 24 years,Total; Estimate; AGE - 25 to 29 years,Total; Margin of Error; AGE - 25 to 29 years,Male; Estimate; AGE - 25 to 29 years,Male; Margin of Error; AGE - 25 to 29 years,Female; Estimate; AGE - 25 to 29 years,Female; Margin of Error; AGE - 25 to 29 years,Total; Estimate; AGE - 30 to 34 years,Total; Margin of Error; AGE - 30 to 34 years,Male; Estimate; AGE - 30 to 34 years,Male; Margin of Error; AGE - 30 to 34 years,Female; Estimate; AGE - 30 to 34 years,Female; Margin of Error; AGE - 30 to 34 years,Total; Estimate; AGE - 35 to 39 years,Total; Margin of Error; AGE - 35 to 39 years,Male; Estimate; AGE - 35 to 39 years,Male; Margin of Error; AGE - 35 to 39 years,Female; Estimate; AGE - 35 to 39 years,Female; Margin of Error; AGE - 35 to 39 years,Total; Estimate; AGE - 40 to 44 years,Total; Margin of Error; AGE - 40 to 44 years,Male; Estimate; AGE - 40 to 44 years,Male; Margin of Error; AGE - 40 to 44 years,Female; Estimate; AGE - 40 to 44 years,Female; Margin of Error; AGE - 40 to 44 years,Total; Estimate; AGE - 45 to 49 years,Total; Margin of Error; AGE - 45 to 49 years,Male; Estimate; AGE - 45 to 49 years,Male; Margin of Error; AGE - 45 to 49 years,Female; Estimate; AGE - 45 to 49 years,Female; Margin of Error; AGE - 45 to 49 years,Total; Estimate; AGE - 50 to 54 years,Total; Margin of Error; AGE - 50 to 54 years,Male; Estimate; AGE - 50 to 54 years,Male; Margin of Error; AGE - 50 to 54 years,Female; Estimate; AGE - 50 to 54 years,Female; Margin of Error; AGE - 50 to 54 years,Total; Estimate; AGE - 55 to 59 years,Total; Margin of Error; AGE - 55 to 59 years,Male; Estimate; AGE - 55 to 59 years,Male; Margin of Error; AGE - 55 to 59 years,Female; Estimate; AGE - 55 to 59 years,Female; Margin of Error; AGE - 55 to 59 years,Total; Estimate; AGE - 60 to 64 years,Total; Margin of Error; AGE - 60 to 64 years,Male; Estimate; AGE - 60 to 64 years,Male; Margin of Error; AGE - 60 to 64 years,Female; Estimate; AGE - 60 to 64 years,Female; Margin of Error; AGE - 60 to 64 years,Total; Estimate; AGE - 65 to 69 years,Total; Margin of Error; AGE - 65 to 69 years,Male; Estimate; AGE - 65 to 69 years,Male; Margin of Error; AGE - 65 to 69 years,Female; Estimate; AGE - 65 to 69 years,Female; Margin of Error; AGE - 65 to 69 years,Total; Estimate; AGE - 70 to 74 years,Total; Margin of Error; AGE - 70 to 74 years,Male; Estimate; AGE - 70 to 74 years,Male; Margin of Error; AGE - 70 to 74 years,Female; Estimate; AGE - 70 to 74 years,Female; Margin of Error; AGE - 70 to 74 years,Total; Estimate; AGE - 75 to 79 years,Total; Margin of Error; AGE - 75 to 79 years,Male; Estimate; AGE - 75 to 79 years,Male; Margin of Error; AGE - 75 to 79 years,Female; Estimate; AGE - 75 to 79 years,Female; Margin of Error; AGE - 75 to 79 years,Total; Estimate; AGE - 80 to 84 years,Total; Margin of Error; AGE - 80 to 84 years,Male; Estimate; AGE - 80 to 84 years,Male; Margin of Error; AGE - 80 to 84 years,Female; Estimate; AGE - 80 to 84 years,Female; Margin of Error; AGE - 80 to 84 years,Total; Estimate; AGE - 85 years and over,Total; Margin of Error; AGE - 85 years and over,Male; Estimate; AGE - 85 years and over,Male; Margin of Error; AGE - 85 years and over,Female; Estimate; AGE - 85 years and over,Female; Margin of Error; AGE - 85 years and over,Total; Estimate; SELECTED AGE CATEGORIES - 5 to 14 years,Total; Margin of Error; SELECTED AGE CATEGORIES - 5 to 14 years,Male; Estimate; SELECTED AGE CATEGORIES - 5 to 14 years,Male; Margin of Error; SELECTED AGE CATEGORIES - 5 to 14 years,Female; Estimate; SELECTED AGE CATEGORIES - 5 to 14 years,Female; Margin of Error; SELECTED AGE CATEGORIES - 5 to 14 years,Total; Estimate; SELECTED AGE CATEGORIES - 15 to 17 years,Total; Margin of Error; SELECTED AGE CATEGORIES - 15 to 17 years,Male; Estimate; SELECTED AGE CATEGORIES - 15 to 17 years,Male; Margin of Error; SELECTED AGE CATEGORIES - 15 to 17 years,Female; Estimate; SELECTED AGE CATEGORIES - 15 to 17 years,Female; Margin of Error; SELECTED AGE CATEGORIES - 15 to 17 years,Total; Estimate; SELECTED AGE CATEGORIES - 18 to 24 years,Total; Margin of Error; SELECTED AGE CATEGORIES - 18 to 24 years,Male; Estimate; SELECTED AGE CATEGORIES - 18 to 24 years,Male; Margin of Error; SELECTED AGE CATEGORIES - 18 to 24 years,Female; Estimate; SELECTED AGE CATEGORIES - 18 to 24 years,Female; Margin of Error; SELECTED AGE CATEGORIES - 18 to 24 years,Total; Estimate; SELECTED AGE CATEGORIES - 15 to 44 years,Total; Margin of Error; SELECTED AGE CATEGORIES - 15 to 44 years,Male; Estimate; SELECTED AGE CATEGORIES - 15 to 44 years,Male; Margin of Error; SELECTED AGE CATEGORIES - 15 to 44 years,Female; Estimate; SELECTED AGE CATEGORIES - 15 to 44 years,Female; Margin of Error; SELECTED AGE CATEGORIES - 15 to 44 years,Total; Estimate; SELECTED AGE CATEGORIES - 16 years and over,Total; Margin of Error; SELECTED AGE CATEGORIES - 16 years and over,Male; Estimate; SELECTED AGE CATEGORIES - 16 years and over,Male; Margin of Error; SELECTED AGE CATEGORIES - 16 years and over,Female; Estimate; SELECTED AGE CATEGORIES - 16 years and over,Female; Margin of Error; SELECTED AGE CATEGORIES - 16 years and over,Total; Estimate; SELECTED AGE CATEGORIES - 18 years and over,Total; Margin of Error; SELECTED AGE CATEGORIES - 18 years and over,Male; Estimate; SELECTED AGE CATEGORIES - 18 years and over,Male; Margin of Error; SELECTED AGE CATEGORIES - 18 years and over,Female; Estimate; SELECTED AGE CATEGORIES - 18 years and over,Female; Margin of Error; SELECTED AGE CATEGORIES - 18 years and over,Total; Estimate; SELECTED AGE CATEGORIES - 60 years and over,Total; Margin of Error; SELECTED AGE CATEGORIES - 60 years and over,Male; Estimate; SELECTED AGE CATEGORIES - 60 years and over,Male; Margin of Error; SELECTED AGE CATEGORIES - 60 years and over,Female; Estimate; SELECTED AGE CATEGORIES - 60 years and over,Female; Margin of Error; SELECTED AGE CATEGORIES - 60 years and over,Total; Estimate; SELECTED AGE CATEGORIES - 62 years and over,Total; Margin of Error; SELECTED AGE CATEGORIES - 62 years and over,Male; Estimate; SELECTED AGE CATEGORIES - 62 years and over,Male; Margin of Error; SELECTED AGE CATEGORIES - 62 years and over,Female; Estimate; SELECTED AGE CATEGORIES - 62 years and over,Female; Margin of Error; SELECTED AGE CATEGORIES - 62 years and over,Total; Estimate; SELECTED AGE CATEGORIES - 65 years and over,Total; Margin of Error; SELECTED AGE CATEGORIES - 65 years and over,Male; Estimate; SELECTED AGE CATEGORIES - 65 years and over,Male; Margin of Error; SELECTED AGE CATEGORIES - 65 years and over,Female; Estimate; SELECTED AGE CATEGORIES - 65 years and over,Female; Margin of Error; SELECTED AGE CATEGORIES - 65 years and over,Total; Estimate; SELECTED AGE CATEGORIES - 75 years and over,Total; Margin of Error; SELECTED AGE CATEGORIES - 75 years and over,Male; Estimate; SELECTED AGE CATEGORIES - 75 years and over,Male; Margin of Error; SELECTED AGE CATEGORIES - 75 years and over,Female; Estimate; SELECTED AGE CATEGORIES - 75 years and over,Female; Margin of Error; SELECTED AGE CATEGORIES - 75 years and over,Total; Estimate; SUMMARY INDICATORS - Median age (years),Total; Margin of Error; SUMMARY INDICATORS - Median age (years),Male; Estimate; SUMMARY INDICATORS - Median age (years),Male; Margin of Error; SUMMARY INDICATORS - Median age (years),Female; Estimate; SUMMARY INDICATORS - Median age (years),Female; Margin of Error; SUMMARY INDICATORS - Median age (years),Total; Estimate; SUMMARY INDICATORS - Sex ratio (males per 100 females),Total; Margin of Error; SUMMARY INDICATORS - Sex ratio (males per 100 females),Male; Estimate; SUMMARY INDICATORS - Sex ratio (males per 100 females),Male; Margin of Error; SUMMARY INDICATORS - Sex ratio (males per 100 females),Female; Estimate; SUMMARY INDICATORS - Sex ratio (males per 100 females),Female; Margin of Error; SUMMARY INDICATORS - Sex ratio (males per 100 females),Total; Estimate; SUMMARY INDICATORS - Age dependency ratio,Total; Margin of Error; SUMMARY INDICATORS - Age dependency ratio,Male; Estimate; SUMMARY INDICATORS - Age dependency ratio,Male; Margin of Error; SUMMARY INDICATORS - Age dependency ratio,Female; Estimate; SUMMARY INDICATORS - Age dependency ratio,Female; Margin of Error; SUMMARY INDICATORS - Age dependency ratio,Total; Estimate; SUMMARY INDICATORS - Old-age dependency ratio,Total; Margin of Error; SUMMARY INDICATORS - Old-age dependency ratio,Male; Estimate; SUMMARY INDICATORS - Old-age dependency ratio,Male; Margin of Error; SUMMARY INDICATORS - Old-age dependency ratio,Female; Estimate; SUMMARY INDICATORS - Old-age dependency ratio,Female; Margin of Error; SUMMARY INDICATORS - Old-age dependency ratio,Total; Estimate; SUMMARY INDICATORS - Child dependency ratio,Total; Margin of Error; SUMMARY INDICATORS - Child dependency ratio,Male; Estimate; SUMMARY INDICATORS - Child dependency ratio,Male; Margin of Error; SUMMARY INDICATORS - Child dependency ratio,Female; Estimate; SUMMARY INDICATORS - Child dependency ratio,Female; Margin of Error; SUMMARY INDICATORS - Child dependency ratio,Total; Estimate; PERCENT ALLOCATED - Sex,Total; Margin of Error; PERCENT ALLOCATED - Sex,Male; Estimate; PERCENT ALLOCATED - Sex,Male; Margin of Error; PERCENT ALLOCATED - Sex,Female; Estimate; PERCENT ALLOCATED - Sex,Female; Margin of Error; PERCENT ALLOCATED - Sex,Total; Estimate; PERCENT ALLOCATED - Age,Total; Margin of Error; PERCENT ALLOCATED - Age,Male; Estimate; PERCENT ALLOCATED - Age,Male; Margin of Error; PERCENT ALLOCATED - Age,Female; Estimate; PERCENT ALLOCATED - Age,Female; Margin of Error; PERCENT ALLOCATED - Age
0400000US01,1,Alabama,4863300,*****,2356052,5269,2507248,5269,5.9,0.1,6.1,0.1,5.7,0.1,6.4,0.1,6.9,0.2,6,0.2,6.2,0.1,6.6,0.2,5.8,0.2,6.9,0.1,7.3,0.2,6.5,0.2,6.7,0.1,6.9,0.1,6.5,0.1,6.7,0.1,6.9,0.1,6.5,0.1,6.2,0.1,6.3,0.2,6.1,0.1,6.2,0.1,6.1,0.2,6.2,0.2,6.1,0.2,6.2,0.2,6.1,0.2,6.5,0.1,6.4,0.1,6.5,0.1,6.8,0.1,6.9,0.1,6.7,0.1,7,0.2,6.9,0.2,7.1,0.2,6.2,0.1,6.1,0.2,6.4,0.2,5.5,0.1,5.3,0.2,5.7,0.1,4,0.1,3.8,0.2,4.3,0.2,2.8,0.1,2.5,0.1,3.1,0.1,2,0.1,1.6,0.1,2.3,0.1,1.8,0.1,1.2,0.1,2.3,0.1,12.6,0.1,13.5,0.1,11.8,0.1,4.1,0.1,4.4,0.1,3.8,0.1,9.5,0.1,9.8,0.1,9.3,0.2,38.8,0.1,39.8,0.2,38,0.2,80.1,0.1,79,0.2,81.2,0.2,77.4,0.1,76,0.2,78.7,0.2,22.3,0.2,20.5,0.2,24.1,0.2,19.8,0.1,18,0.2,21.5,0.2,16.1,0.1,14.4,0.1,17.8,0.1,6.5,0.1,5.3,0.1,7.7,0.1,39,0.2,37.4,0.2,40.5,0.2,94,0.4,(X),(X),(X),(X),63.2,0.2,(X),(X),(X),(X),26.3,0.1,(X),(X),(X),(X),36.9,0.2,(X),(X),(X),(X),0.1,(X),(X),(X),(X),(X),2.2,(X),(X),(X),(X),(X)
0400000US02,2,Alaska,741894,*****,390573,2254,351321,2254,7.1,0.1,7,0.2,7.2,0.3,7.2,0.3,6.8,0.4,7.8,0.5,6.9,0.3,7.6,0.5,6.1,0.5,6.6,0.3,6.8,0.4,6.3,0.4,7.7,0.3,8.5,0.4,6.7,0.4,8.6,0.2,8.4,0.3,8.9,0.4,7.8,0.3,7.7,0.3,7.8,0.4,6.6,0.4,6.5,0.5,6.8,0.5,5.8,0.4,5.5,0.6,6.2,0.5,5.9,0.2,6,0.3,5.9,0.3,6.6,0.2,6.7,0.3,6.5,0.2,7.3,0.4,7.3,0.6,7.2,0.5,5.6,0.3,5.5,0.4,5.8,0.4,4.3,0.3,4.4,0.3,4,0.3,2.8,0.2,2.5,0.3,3,0.3,1.5,0.1,1.5,0.2,1.5,0.2,0.8,0.1,0.7,0.2,0.9,0.2,0.9,0.1,0.6,0.1,1.3,0.2,14.1,0.2,14.4,0.3,13.8,0.3,4.1,0.2,4.1,0.3,4,0.3,10.2,0.2,11.3,0.4,9,0.4,43.1,0.3,43.4,0.5,42.7,0.5,77.5,0.2,77.5,0.4,77.6,0.4,74.8,0.1,74.6,0.3,74.9,0.3,15.9,0.3,15.2,0.4,16.6,0.5,13.5,0.3,13.1,0.4,13.8,0.4,10.2,0.1,9.7,0.2,10.8,0.2,3.2,0.1,2.7,0.1,3.8,0.2,33.5,0.3,32.8,0.3,34.3,0.5,111.2,1.4,(X),(X),(X),(X),55,0.4,(X),(X),(X),(X),15.8,0.3,(X),(X),(X),(X),39.1,0.2,(X),(X),(X),(X),0.1,(X),(X),(X),(X),(X),2.7,(X),(X),(X),(X),(X)
0400000US04,4,Arizona,6931071,*****,3444228,2680,3486843,2680,6.3,0.1,6.5,0.1,6.1,0.1,6.6,0.1,6.9,0.1,6.4,0.2,6.6,0.1,6.7,0.1,6.5,0.2,6.9,0.1,7.1,0.1,6.6,0.1,6.9,0.1,7.2,0.1,6.6,0.1,6.9,0.1,7.3,0.1,6.6,0.1,6.5,0.1,6.7,0.1,6.2,0.1,6.4,0.1,6.5,0.2,6.2,0.2,5.9,0.1,5.9,0.2,5.8,0.2,6.1,0.1,6.1,0.1,6.1,0.1,6.1,0.1,6.1,0.1,6.1,0.1,6,0.1,5.7,0.2,6.2,0.2,6,0.1,5.7,0.2,6.3,0.2,5.6,0.1,5.3,0.1,6,0.1,4.2,0.1,4.1,0.1,4.4,0.1,3.1,0.1,2.9,0.1,3.3,0.1,2.1,0.1,1.9,0.1,2.2,0.1,1.8,0.1,1.5,0.1,2.2,0.1,13.2,0.1,13.6,0.1,12.9,0.1,4,0.1,4.1,0.1,3.9,0.1,9.7,0.1,10.1,0.1,9.3,0.1,39.4,0.1,40.6,0.1,38.2,0.1,79.1,0.1,78.5,0.1,79.7,0.1,76.5,0.1,75.8,0.1,77.1,0.1,22.9,0.1,21.4,0.2,24.4,0.2,20.4,0.1,19,0.1,21.8,0.1,16.9,0.1,15.7,0.1,18.1,0.1,7,0.1,6.3,0.1,7.7,0.1,37.5,0.2,36.2,0.1,38.8,0.2,98.8,0.2,(X),(X),(X),(X),67.8,0.1,(X),(X),(X),(X),28.3,0.1,(X),(X),(X),(X),39.5,0.1,(X),(X),(X),(X),0,(X),(X),(X),(X),(X),2.1,(X),(X),(X),(X),(X)
0400000US05,5,Arkansas,2988248,*****,1468782,4455,1519466,4455,6.3,0.1,6.8,0.2,5.8,0.2,6.7,0.2,7,0.3,6.5,0.3,6.6,0.2,6.9,0.3,6.3,0.3,7.2,0.2,7.4,0.2,7,0.2,6.5,0.1,7,0.2,6.1,0.2,6.5,0.1,6.5,0.2,6.5,0.2,6.3,0.1,6.3,0.2,6.2,0.1,6.2,0.2,6.3,0.3,6.2,0.2,6,0.2,6.1,0.3,6,0.2,6.2,0.1,6.3,0.2,6.2,0.1,6.5,0.1,6.4,0.2,6.6,0.1,6.5,0.2,6.3,0.2,6.7,0.2,6.1,0.2,6.1,0.2,6.2,0.2,5.5,0.1,5.4,0.2,5.7,0.2,4,0.1,3.7,0.2,4.3,0.2,2.9,0.1,2.6,0.1,3.1,0.2,2,0.1,1.8,0.1,2.2,0.1,1.9,0.1,1.2,0.1,2.5,0.2,13.3,0.1,13.9,0.2,12.8,0.2,4,0.1,4.1,0.2,3.9,0.2,9.7,0.1,10.3,0.2,9.2,0.1,38.8,0.2,39.6,0.2,38,0.2,78.9,0.2,77.9,0.3,79.9,0.3,76.3,0.1,75.2,0.2,77.4,0.2,22.4,0.2,20.8,0.2,23.9,0.2,19.9,0.2,18.4,0.2,21.4,0.2,16.3,0.1,14.7,0.1,17.8,0.1,6.7,0.1,5.6,0.1,7.8,0.1,38,0.2,36.5,0.2,39.5,0.3,96.7,0.6,(X),(X),(X),(X),66.5,0.2,(X),(X),(X),(X),27.1,0.2,(X),(X),(X),(X),39.4,0.2,(X),(X),(X),(X),0.1,(X),(X),(X),(X),(X),1.4,(X),(X),(X),(X),(X)
0400000US06,6,California,39250017,*****,19491231,4158,19758786,4158,6.3,0.1,6.5,0.1,6.1,0.1,6.4,0.1,6.6,0.1,6.3,0.1,6.5,0.1,6.7,0.1,6.3,0.1,6.6,0.1,6.8,0.1,6.4,0.1,7.2,0.1,7.5,0.1,6.8,0.1,7.8,0.1,8.1,0.1,7.5,0.1,7.2,0.1,7.5,0.1,7,0.1,6.8,0.1,6.8,0.1,6.7,0.1,6.4,0.1,6.5,0.1,6.3,0.1,6.7,0.1,6.7,0.1,6.6,0.1,6.6,0.1,6.6,0.1,6.6,0.1,6.3,0.1,6.2,0.1,6.4,0.1,5.6,0.1,5.4,0.1,5.8,0.1,4.6,0.1,4.4,0.1,4.9,0.1,3.2,0.1,3,0.1,3.5,0.1,2.3,0.1,2.1,0.1,2.5,0.1,1.6,0.1,1.4,0.1,1.9,0.1,1.8,0.1,1.3,0.1,2.3,0.1,12.9,0.1,13.3,0.1,12.6,0.1,3.9,0.1,4,0.1,3.8,0.1,9.8,0.1,10.2,0.1,9.4,0.1,41.9,0.1,43.1,0.1,40.8,0.1,79.5,0.1,78.9,0.1,80.1,0.1,76.8,0.1,76.2,0.1,77.5,0.1,19.2,0.1,17.6,0.1,20.9,0.1,16.8,0.1,15.2,0.1,18.4,0.1,13.6,0.1,12.2,0.1,15.1,0.1,5.7,0.1,4.8,0.1,6.7,0.1,36.4,0.2,35.3,0.1,37.5,0.1,98.6,0.1,(X),(X),(X),(X),58.2,0.1,(X),(X),(X),(X),21.6,0.1,(X),(X),(X),(X),36.7,0.1,(X),(X),(X),(X),0.1,(X),(X),(X),(X),(X),2.1,(X),(X),(X),(X),(X)
0400000US08,8,Colorado,5540545,*****,2790701,3484,2749844,3484,6,0.1,6.1,0.1,6,0.1,6.5,0.1,6.7,0.2,6.3,0.2,6.4,0.1,6.5,0.2,6.3,0.2,6.4,0.1,6.6,0.1,6.2,0.1,7,0.1,7.3,0.1,6.7,0.1,7.7,0.1,7.9,0.1,7.4,0.1,7.5,0.1,7.7,0.1,7.2,0.1,7.1,0.2,7.3,0.2,6.8,0.2,6.4,0.2,6.4,0.2,6.4,0.2,6.5,0.1,6.5,0.1,6.5,0.1,6.5,0.1,6.4,0.1,6.5,0.1,6.7,0.1,6.5,0.2,6.9,0.2,5.9,0.1,5.7,0.2,6.1,0.2,5.1,0.1,4.9,0.1,5.2,0.1,3.2,0.1,3,0.1,3.5,0.1,2.2,0.1,2.1,0.1,2.3,0.1,1.4,0.1,1.2,0.1,1.7,0.1,1.4,0.1,1,0.1,1.9,0.1,12.9,0.1,13.2,0.1,12.6,0.1,3.8,0.1,4,0.1,3.6,0.1,9.6,0.1,10,0.1,9.3,0.1,42,0.1,43.3,0.1,40.7,0.1,79.7,0.1,79.3,0.1,80.2,0.1,77.2,0.1,76.7,0.1,77.8,0.1,19.3,0.1,17.9,0.2,20.8,0.2,16.8,0.1,15.5,0.2,18.1,0.2,13.4,0.1,12.2,0.1,14.7,0.1,5.1,0.1,4.3,0.1,6,0.1,36.7,0.2,35.7,0.2,37.8,0.2,101.5,0.3,(X),(X),(X),(X),56.6,0.1,(X),(X),(X),(X),21,0.1,(X),(X),(X),(X),35.6,0.1,(X),(X),(X),(X),0.1,(X),(X),(X),(X),(X),1.4,(X),(X),(X),(X),(X)
0400000US09,9,Connecticut,3576452,*****,1745153,1844,1831299,1844,5.2,0.1,5.4,0.1,5,0.1,5.6,0.1,6,0.2,5.3,0.2,6.3,0.2,6.5,0.2,6.1,0.2,7,0.1,7.4,0.1,6.6,0.1,7,0.1,7.4,0.1,6.5,0.1,6.1,0.1,6.4,0.1,5.8,0.1,6.1,0.1,6.2,0.1,6.1,0.1,5.7,0.2,5.8,0.2,5.7,0.2,6.1,0.2,6.2,0.2,6.1,0.2,7,0.1,6.9,0.1,7,0.1,7.7,0.1,7.6,0.1,7.7,0.1,7.4,0.2,7.4,0.2,7.4,0.2,6.7,0.2,6.5,0.2,6.9,0.2,5.3,0.1,5.1,0.2,5.5,0.2,3.7,0.1,3.5,0.2,3.9,0.2,2.6,0.1,2.4,0.1,2.8,0.1,2,0.1,1.6,0.1,2.4,0.1,2.5,0.1,1.6,0.1,3.3,0.1,11.9,0.1,12.4,0.1,11.4,0.1,4,0.1,4.2,0.1,3.8,0.1,10,0.1,10.6,0.1,9.4,0.1,38,0.1,39.4,0.1,36.7,0.1,81.6,0.1,80.8,0.1,82.4,0.1,79,0.1,78,0.1,79.9,0.1,22.8,0.2,20.8,0.2,24.8,0.2,19.8,0.2,18,0.2,21.5,0.2,16.1,0.1,14.3,0.1,17.9,0.1,7.1,0.1,5.6,0.1,8.5,0.1,40.9,0.2,39.1,0.3,42.6,0.2,95.3,0.2,(X),(X),(X),(X),59.1,0.1,(X),(X),(X),(X),25.7,0.1,(X),(X),(X),(X),33.5,0.1,(X),(X),(X),(X),0.1,(X),(X),(X),(X),(X),1.4,(X),(X),(X),(X),(X)
0400000US10,10,Delaware,952065,*****,460232,1173,491833,1173,5.8,0.1,6.2,0.2,5.5,0.2,5.7,0.3,5.7,0.5,5.8,0.4,6.2,0.3,6.8,0.5,5.7,0.4,6.4,0.2,6.7,0.3,6.1,0.2,6.2,0.2,6.5,0.3,6,0.3,7,0.1,7.3,0.2,6.8,0.2,6.5,0.1,6.5,0.2,6.4,0.1,5.3,0.3,5.4,0.5,5.3,0.4,6.2,0.3,6.4,0.5,6,0.4,6.3,0.1,6.2,0.2,6.3,0.1,6.9,0.1,6.9,0.1,7,0.1,7.3,0.3,7.4,0.5,7.2,0.5,6.5,0.3,5.9,0.5,7,0.4,6.3,0.3,6.1,0.4,6.5,0.4,4.3,0.3,4,0.3,4.5,0.4,3.2,0.2,2.9,0.3,3.5,0.3,1.9,0.2,1.6,0.2,2.1,0.3,1.9,0.2,1.5,0.2,2.3,0.3,12,0.1,12.5,0.1,11.5,0.1,3.7,0.1,3.8,0.1,3.5,0.1,9,0.1,9.4,0.2,8.6,0.2,37.7,0.2,38.8,0.2,36.6,0.2,81,0.2,80.2,0.3,81.7,0.3,78.5,0.1,77.5,0.2,79.5,0.1,24,0.3,22,0.5,25.8,0.5,21.5,0.3,19.6,0.4,23.2,0.4,17.5,0.1,16.1,0.1,18.9,0.1,7,0.1,6,0.1,7.8,0.1,40.6,0.4,39.1,0.4,42.1,0.4,93.6,0.5,(X),(X),(X),(X),63.8,0.2,(X),(X),(X),(X),28.7,0.1,(X),(X),(X),(X),35.1,0.1,(X),(X),(X),(X),0.1,(X),(X),(X),(X),(X),1.1,(X),(X),(X),(X),(X)
0400000US11,11,District of Columbia,681170,*****,323591,455,357579,455,6.4,0.1,6.9,0.1,6,0.1,5.1,0.4,5.7,0.4,4.6,0.5,3.9,0.3,3.9,0.4,4,0.5,5.5,0.3,5.4,0.4,5.7,0.4,8.6,0.3,8.2,0.4,8.9,0.4,11.6,0.1,11.4,0.1,11.7,0.1,11.1,0.1,11.2,0.1,11.1,0.1,8.3,0.4,8.8,0.5,7.8,0.5,6.2,0.4,6.3,0.5,6.2,0.5,5.8,0.1,6.1,0.1,5.4,0.1,5.6,0.1,5.9,0.1,5.4,0.1,5.2,0.3,5.6,0.5,4.8,0.4,5.1,0.3,4.6,0.4,5.5,0.4,4,0.2,3.7,0.3,4.3,0.3,2.8,0.2,2.7,0.3,2.9,0.3,1.9,0.2,1.6,0.2,2.2,0.3,1.4,0.2,1.2,0.2,1.6,0.3,1.5,0.2,0.9,0.2,2.1,0.4,9,0.1,9.5,0.1,8.6,0.1,2.3,0.1,2.4,0.1,2.2,0.1,11.8,0.1,11.1,0.1,12.4,0.1,51.3,0.1,51.3,0.1,51.3,0.1,83.7,0.2,82.5,0.2,84.8,0.2,82.3,0.1,81.2,0.1,83.2,0.1,16.7,0.3,14.7,0.5,18.5,0.4,14.7,0.3,12.6,0.4,16.6,0.4,11.6,0.1,10,0.1,13,0.1,4.8,0.1,3.7,0.1,5.9,0.1,33.9,0.2,33.8,0.2,34,0.2,90.5,0.2,(X),(X),(X),(X),41.5,0.1,(X),(X),(X),(X),16.4,0.1,(X),(X),(X),(X),25.1,0.1,(X),(X),(X),(X),0.1,(X),(X),(X),(X),(X),2.8,(X),(X),(X),(X),(X)
0400000US12,12,Florida,20612439,*****,10070860,6755,10541579,6755,5.4,0.1,5.7,0.1,5.2,0.1,5.5,0.1,5.8,0.1,5.2,0.1,5.7,0.1,5.9,0.1,5.5,0.1,5.9,0.1,6.2,0.1,5.7,0.1,6.1,0.1,6.5,0.1,5.8,0.1,6.6,0.1,6.9,0.1,6.4,0.1,6.3,0.1,6.5,0.1,6.1,0.1,6,0.1,6.1,0.1,5.9,0.1,5.9,0.1,6,0.1,5.9,0.1,6.4,0.1,6.5,0.1,6.4,0.1,6.9,0.1,6.9,0.1,6.9,0.1,6.9,0.1,6.7,0.1,7.1,0.1,6.4,0.1,6.1,0.1,6.6,0.1,6.2,0.1,5.9,0.1,6.4,0.1,4.9,0.1,4.6,0.1,5.1,0.1,3.6,0.1,3.5,0.1,3.8,0.1,2.5,0.1,2.3,0.1,2.8,0.1,2.6,0.1,2,0.1,3.2,0.1,11.2,0.1,11.7,0.1,10.7,0.1,3.5,0.1,3.7,0.1,3.4,0.1,8.6,0.1,9,0.1,8.1,0.1,37,0.1,38.1,0.1,35.8,0.1,82.2,0.1,81.4,0.1,83,0.1,79.9,0.1,79,0.1,80.8,0.1,26.2,0.1,24.4,0.1,27.9,0.1,23.6,0.1,21.8,0.1,25.3,0.1,19.8,0.1,18.3,0.1,21.4,0.1,8.8,0.1,7.8,0.1,9.8,0.1,42.1,0.1,40.4,0.1,43.7,0.1,95.5,0.1,(X),(X),(X),(X),66.5,0.1,(X),(X),(X),(X),33.1,0.1,(X),(X),(X),(X),33.5,0.1,(X),(X),(X),(X),0.1,(X),(X),(X),(X),(X),2.5,(X),(X),(X),(X),(X)
0400000US13,13,Georgia,10310371,*****,5018150,8005,5292221,8005,6.4,0.1,6.7,0.1,6,0.1,6.8,0.1,7.1,0.2,6.5,0.2,7,0.1,7.4,0.2,6.7,0.2,7.1,0.1,7.5,0.1,6.8,0.1,6.9,0.1,7.3,0.1,6.5,0.1,7,0.1,7.1,0.1,6.9,0.1,6.6,0.1,6.7,0.1,6.6,0.1,6.8,0.1,6.7,0.1,6.9,0.2,6.6,0.1,6.6,0.2,6.7,0.2,6.8,0.1,6.9,0.1,6.7,0.1,6.8,0.1,6.8,0.1,6.8,0.1,6.4,0.1,6.3,0.1,6.5,0.1,5.6,0.1,5.4,0.1,5.8,0.1,4.9,0.1,4.6,0.1,5.1,0.1,3.4,0.1,3.1,0.1,3.6,0.1,2.2,0.1,2,0.1,2.5,0.1,1.4,0.1,1.2,0.1,1.7,0.1,1.3,0.1,0.9,0.1,1.7,0.1,13.8,0.1,14.5,0.1,13.2,0.1,4.2,0.1,4.4,0.1,4,0.1,9.8,0.1,10.4,0.1,9.3,0.1,41.1,0.1,41.8,0.1,40.4,0.1,78.4,0.1,77.4,0.1,79.4,0.1,75.6,0.1,74.4,0.1,76.8,0.1,18.8,0.1,17.1,0.1,20.3,0.2,16.4,0.1,14.7,0.1,17.9,0.1,13.2,0.1,11.7,0.1,14.5,0.1,5,0.1,4,0.1,5.8,0.1,36.5,0.2,35.2,0.1,37.8,0.1,94.8,0.3,(X),(X),(X),(X),60.1,0.1,(X),(X),(X),(X),21.1,0.1,(X),(X),(X),(X),39,0.1,(X),(X),(X),(X),0.1,(X),(X),(X),(X),(X),2.1,(X),(X),(X),(X),(X)
0400000US15,15,Hawaii,1428557,*****,718057,1805,710500,1805,6.4,0.1,6.6,0.1,6.1,0.1,6,0.2,6.3,0.3,5.8,0.3,5.8,0.2,5.9,0.3,5.8,0.3,5.5,0.1,5.5,0.2,5.4,0.2,6.9,0.1,7.7,0.2,6.1,0.2,7.4,0.1,7.8,0.1,6.9,0.1,7,0.1,7.2,0.1,6.9,0.1,6.4,0.3,6.4,0.4,6.4,0.4,6.1,0.3,6.3,0.4,6,0.4,6.1,0.1,6.2,0.1,6.1,0.1,6.3,0.1,6.2,0.1,6.4,0.1,6.4,0.2,6.2,0.3,6.6,0.3,6.5,0.2,6.4,0.3,6.6,0.3,5.9,0.2,5.9,0.3,6,0.3,3.8,0.2,3.5,0.2,4,0.3,2.7,0.2,2.5,0.2,2.8,0.2,2,0.1,1.7,0.2,2.3,0.2,2.7,0.2,1.7,0.2,3.7,0.2,11.9,0.1,12.2,0.1,11.6,0.1,3.3,0.1,3.4,0.1,3.2,0.1,9.1,0.1,9.9,0.1,8.3,0.1,39.4,0.1,41,0.2,37.7,0.2,80.7,0.1,80.3,0.2,81.1,0.2,78.5,0.1,77.9,0.2,79,0.2,23.5,0.2,21.7,0.3,25.4,0.3,21,0.2,19.2,0.3,22.8,0.3,17,0.1,15.3,0.1,18.8,0.1,7.3,0.1,5.9,0.1,8.7,0.1,38.9,0.3,37.2,0.3,40.5,0.4,101.1,0.5,(X),(X),(X),(X),62.8,0.2,(X),(X),(X),(X),27.8,0.1,(X),(X),(X),(X),35.1,0.1,(X),(X),(X),(X),0.1,(X),(X),(X),(X),(X),3.3,(X),(X),(X),(X),(X)
0400000US16,16,Idaho,1683140,*****,841203,2599,841937,2599,6.8,0.1,6.9,0.2,6.6,0.2,7.5,0.3,7.7,0.4,7.3,0.4,7.2,0.3,7.4,0.4,7.1,0.4,7.2,0.2,7.4,0.3,7,0.3,6.7,0.2,7,0.2,6.3,0.2,6.6,0.2,6.7,0.2,6.5,0.2,6.5,0.2,6.5,0.2,6.5,0.2,6.5,0.3,6.6,0.4,6.4,0.4,5.7,0.3,5.6,0.4,5.8,0.4,5.9,0.1,6,0.2,5.8,0.2,5.9,0.1,5.8,0.2,5.9,0.2,6.3,0.2,5.9,0.3,6.6,0.4,6,0.2,6,0.3,6,0.3,5.4,0.2,5.2,0.3,5.6,0.3,3.8,0.2,3.7,0.3,3.8,0.3,2.5,0.1,2.3,0.2,2.6,0.2,1.8,0.1,1.7,0.2,2,0.2,1.7,0.1,1.4,0.2,2,0.2,14.7,0.1,15.1,0.2,14.3,0.2,4.4,0.1,4.6,0.2,4.2,0.2,9.5,0.2,9.8,0.2,9.2,0.2,39.2,0.2,39.8,0.3,38.6,0.3,77,0.2,76.4,0.2,77.6,0.3,74.1,0.1,73.3,0.2,74.8,0.2,21.2,0.2,20.4,0.3,22.1,0.4,18.8,0.2,17.9,0.3,19.8,0.3,15.2,0.1,14.4,0.1,16.1,0.1,6,0.1,5.4,0.1,6.6,0.1,36.1,0.1,35.2,0.3,36.8,0.3,99.9,0.6,(X),(X),(X),(X),69.9,0.3,(X),(X),(X),(X),25.9,0.2,(X),(X),(X),(X),44.1,0.2,(X),(X),(X),(X),0.1,(X),(X),(X),(X),(X),1.2,(X),(X),(X),(X),(X)
0400000US17,17,Illinois,12801539,*****,6289724,4413,6511815,4413,6,0.1,6.3,0.1,5.8,0.1,6.3,0.1,6.6,0.1,6,0.1,6.5,0.1,6.7,0.1,6.3,0.1,6.7,0.1,6.9,0.1,6.5,0.1,6.8,0.1,7.1,0.1,6.6,0.1,7,0.1,7.2,0.1,6.8,0.1,6.8,0.1,7,0.1,6.7,0.1,6.5,0.1,6.6,0.1,6.4,0.1,6.4,0.1,6.5,0.1,6.3,0.1,6.6,0.1,6.7,0.1,6.5,0.1,6.8,0.1,6.8,0.1,6.8,0.1,6.7,0.1,6.7,0.1,6.7,0.1,6.2,0.1,6.1,0.1,6.4,0.1,4.9,0.1,4.6,0.1,5.1,0.1,3.5,0.1,3.3,0.1,3.8,0.1,2.4,0.1,2.1,0.1,2.7,0.1,1.8,0.1,1.5,0.1,2.1,0.1,2,0.1,1.3,0.1,2.7,0.1,12.8,0.1,13.3,0.1,12.3,0.1,4,0.1,4.1,0.1,3.9,0.1,9.5,0.1,9.8,0.1,9.1,0.1,40.2,0.1,41.2,0.1,39.2,0.1,79.9,0.1,79,0.1,80.7,0.1,77.2,0.1,76.3,0.1,78,0.1,20.8,0.1,19,0.1,22.7,0.1,18.2,0.1,16.4,0.1,19.9,0.1,14.6,0.1,12.9,0.1,16.3,0.1,6.2,0.1,5,0.1,7.5,0.1,37.9,0.1,36.7,0.2,39.2,0.2,96.6,0.1,(X),(X),(X),(X),59.9,0.1,(X),(X),(X),(X),23.4,0.1,(X),(X),(X),(X),36.5,0.1,(X),(X),(X),(X),0.1,(X),(X),(X),(X),(X),1.3,(X),(X),(X),(X),(X)
0400000US18,18,Indiana,6633053,*****,3267337,5176,3365716,5176,6.3,0.1,6.6,0.1,6.1,0.1,6.7,0.1,6.9,0.2,6.5,0.2,6.6,0.1,6.9,0.2,6.3,0.2,7,0.1,7.3,0.1,6.7,0.1,7.2,0.1,7.5,0.1,6.8,0.1,6.6,0.1,6.7,0.1,6.6,0.1,6.3,0.1,6.4,0.1,6.1,0.1,6.3,0.1,6.4,0.2,6.2,0.2,6,0.1,6,0.2,6,0.2,6.3,0.1,6.4,0.1,6.2,0.1,6.7,0.1,6.7,0.1,6.7,0.1,6.8,0.1,6.7,0.1,6.9,0.1,6.2,0.1,6.2,0.1,6.3,0.1,5.2,0.1,5,0.1,5.4,0.1,3.5,0.1,3.3,0.1,3.8,0.1,2.6,0.1,2.3,0.1,2.8,0.1,1.8,0.1,1.5,0.1,2.1,0.1,1.9,0.1,1.3,0.1,2.5,0.1,13.3,0.1,13.8,0.1,12.8,0.1,4.2,0.1,4.4,0.1,3.9,0.1,10,0.1,10.4,0.1,9.6,0.1,39.3,0.1,40.3,0.1,38.4,0.1,79,0.1,78.1,0.1,79.8,0.1,76.2,0.1,75.2,0.1,77.2,0.1,21.2,0.1,19.5,0.2,22.9,0.1,18.7,0.1,17,0.2,20.3,0.1,15,0.1,13.3,0.1,16.6,0.1,6.2,0.1,5,0.1,7.4,0.1,37.6,0.1,36.2,0.2,39,0.2,97.1,0.3,(X),(X),(X),(X),63.3,0.1,(X),(X),(X),(X),24.5,0.1,(X),(X),(X),(X),38.8,0.1,(X),(X),(X),(X),0.1,(X),(X),(X),(X),(X),1.1,(X),(X),(X),(X),(X)
0400000US19,19,Iowa,3134693,*****,1556668,2984,1578025,2984,6.3,0.1,6.5,0.1,6.1,0.1,6.5,0.2,6.9,0.2,6.1,0.2,6.5,0.2,6.6,0.2,6.4,0.2,7,0.1,7.3,0.2,6.7,0.1,7.1,0.1,7.2,0.2,7,0.2,6.2,0.1,6.4,0.1,6,0.1,6.4,0.1,6.6,0.1,6.2,0.1,6.3,0.2,6.6,0.2,6,0.2,5.5,0.2,5.3,0.2,5.6,0.2,6,0.1,6.1,0.1,5.8,0.1,6.5,0.1,6.6,0.1,6.4,0.1,6.8,0.2,6.8,0.2,6.8,0.2,6.5,0.2,6.5,0.2,6.6,0.2,5.3,0.1,5.2,0.1,5.4,0.2,3.7,0.1,3.5,0.1,3.9,0.2,2.8,0.1,2.6,0.1,3.1,0.1,2.1,0.1,1.7,0.1,2.4,0.2,2.5,0.1,1.7,0.1,3.3,0.1,13,0.1,13.5,0.1,12.5,0.1,3.9,0.1,4,0.1,3.8,0.1,10.2,0.1,10.5,0.1,10,0.1,38.5,0.1,39.4,0.2,37.7,0.2,79.4,0.1,78.8,0.2,80,0.1,76.8,0.1,76,0.1,77.6,0.1,22.9,0.2,21.1,0.2,24.7,0.2,20.3,0.1,18.6,0.2,22,0.2,16.4,0.1,14.6,0.1,18.1,0.1,7.4,0.1,6,0.1,8.9,0.1,38,0.2,36.8,0.2,39.4,0.2,98.6,0.4,(X),(X),(X),(X),65.5,0.2,(X),(X),(X),(X),27.1,0.1,(X),(X),(X),(X),38.4,0.1,(X),(X),(X),(X),0.1,(X),(X),(X),(X),(X),1.3,(X),(X),(X),(X),(X)
0400000US20,20,Kansas,2907289,*****,1448853,4227,1458436,4227,6.8,0.1,7.1,0.2,6.5,0.1,7,0.2,7.3,0.2,6.7,0.3,6.8,0.2,6.8,0.2,6.7,0.3,7.1,0.1,7.4,0.2,6.8,0.2,7.3,0.1,7.9,0.2,6.8,0.2,6.4,0.1,6.5,0.2,6.3,0.1,6.6,0.1,6.6,0.1,6.5,0.1,6.4,0.2,6.4,0.2,6.3,0.2,5.8,0.1,6,0.2,5.5,0.2,5.8,0.1,5.8,0.1,5.7,0.1,6.3,0.1,6.2,0.1,6.4,0.1,6.7,0.2,6.7,0.2,6.7,0.2,6.1,0.2,5.9,0.2,6.4,0.2,5.1,0.1,5,0.1,5.2,0.2,3.4,0.1,3.2,0.1,3.7,0.2,2.6,0.1,2.4,0.1,2.7,0.1,1.8,0.1,1.5,0.1,2.1,0.1,2.2,0.1,1.5,0.1,2.9,0.2,13.7,0.1,14.1,0.1,13.4,0.1,4.1,0.1,4.2,0.1,3.9,0.1,10.3,0.1,11,0.2,9.7,0.1,39.5,0.1,40.8,0.2,38.2,0.2,78.2,0.1,77.6,0.2,78.8,0.2,75.4,0.1,74.6,0.2,76.2,0.2,21.2,0.2,19.4,0.2,23,0.2,18.7,0.2,17,0.2,20.4,0.2,15.1,0.1,13.5,0.1,16.6,0.1,6.5,0.1,5.3,0.1,7.8,0.1,36.5,0.2,35.3,0.2,37.8,0.3,99.3,0.6,(X),(X),(X),(X),65.7,0.3,(X),(X),(X),(X),24.9,0.2,(X),(X),(X),(X),40.7,0.2,(X),(X),(X),(X),0.1,(X),(X),(X),(X),(X),1.3,(X),(X),(X),(X),(X)
0400000US21,21,Kentucky,4436974,*****,2179814,4640,2257160,4640,6.2,0.1,6.4,0.1,5.9,0.1,6.3,0.1,6.5,0.2,6,0.2,6.4,0.1,6.7,0.2,6.2,0.2,6.9,0.1,7.1,0.2,6.7,0.2,6.7,0.1,7.2,0.2,6.3,0.2,6.5,0.1,6.6,0.1,6.4,0.1,6.2,0.1,6.3,0.1,6,0.1,6.3,0.2,6.3,0.2,6.3,0.2,6.2,0.2,6.4,0.2,6,0.2,6.6,0.1,6.6,0.1,6.5,0.1,6.9,0.1,6.8,0.1,6.9,0.1,6.9,0.1,6.8,0.2,7,0.2,6.4,0.1,6.2,0.2,6.6,0.2,5.5,0.1,5.3,0.1,5.7,0.2,3.8,0.1,3.6,0.1,4,0.2,2.7,0.1,2.4,0.1,2.9,0.1,1.9,0.1,1.4,0.1,2.3,0.1,1.7,0.1,1.2,0.1,2.2,0.1,12.7,0.1,13.2,0.1,12.2,0.1,4,0.1,4.2,0.1,3.8,0.1,9.7,0.1,10.1,0.1,9.2,0.1,38.9,0.1,40,0.2,37.8,0.1,79.8,0.1,79.1,0.2,80.6,0.2,77.2,0.1,76.2,0.1,78.1,0.1,21.9,0.1,20.2,0.2,23.6,0.2,19.3,0.1,17.7,0.2,20.8,0.2,15.5,0.1,13.9,0.1,17,0.1,6.2,0.1,5.1,0.1,7.3,0.1,38.7,0.2,37.5,0.2,40,0.3,96.6,0.4,(X),(X),(X),(X),62.1,0.2,(X),(X),(X),(X),25.1,0.1,(X),(X),(X),(X),37,0.2,(X),(X),(X),(X),0.1,(X),(X),(X),(X),(X),1.3,(X),(X),(X),(X),(X)
0400000US22,22,Louisiana,4681666,*****,2291880,4966,2389786,4966,6.6,0.1,6.7,0.2,6.4,0.1,6.5,0.2,6.8,0.2,6.3,0.3,6.8,0.2,7.2,0.2,6.3,0.3,6.7,0.1,7,0.2,6.5,0.2,6.9,0.1,7.1,0.2,6.6,0.2,7.3,0.1,7.4,0.2,7.2,0.1,7,0.1,7.2,0.2,6.9,0.1,6.6,0.2,6.7,0.2,6.5,0.2,5.9,0.2,5.8,0.2,5.9,0.2,6,0.1,6.2,0.1,5.9,0.1,6.5,0.1,6.4,0.1,6.6,0.1,6.7,0.1,6.7,0.2,6.7,0.2,6.1,0.1,5.8,0.2,6.3,0.2,4.9,0.1,4.7,0.1,5.1,0.1,3.7,0.1,3.4,0.1,4,0.1,2.5,0.1,2.2,0.1,2.7,0.1,1.7,0.1,1.4,0.1,1.9,0.1,1.6,0.1,1.1,0.1,2.2,0.1,13.3,0.1,14.1,0.2,12.6,0.1,4,0.1,4.2,0.1,3.8,0.1,9.6,0.1,9.9,0.2,9.3,0.1,40.4,0.1,41.2,0.2,39.6,0.2,78.8,0.1,77.9,0.2,79.7,0.2,76.1,0.1,75,0.2,77.2,0.2,20.5,0.1,18.7,0.2,22.2,0.2,17.8,0.1,16.2,0.2,19.4,0.2,14.4,0.1,12.8,0.1,15.9,0.1,5.8,0.1,4.7,0.1,6.8,0.1,36.5,0.2,35.3,0.2,37.8,0.2,95.9,0.4,(X),(X),(X),(X),62,0.2,(X),(X),(X),(X),23.3,0.1,(X),(X),(X),(X),38.7,0.1,(X),(X),(X),(X),0.1,(X),(X),(X),(X),(X),1.9,(X),(X),(X),(X),(X)
0400000US23,23,Maine,1331479,*****,650702,1923,680777,1923,4.8,0.1,5,0.1,4.6,0.1,5.6,0.2,5.9,0.3,5.4,0.3,5.2,0.2,5.4,0.3,5,0.3,6.2,0.1,6.4,0.2,5.9,0.2,5.6,0.1,6,0.2,5.3,0.2,6,0.1,6.2,0.2,5.8,0.2,5.8,0.1,5.9,0.1,5.8,0.1,5.5,0.2,5.4,0.3,5.6,0.4,5.9,0.3,6.1,0.3,5.7,0.4,6.8,0.1,6.8,0.2,6.9,0.1,7.6,0.1,7.6,0.1,7.5,0.1,8.2,0.2,8.4,0.3,8,0.3,7.5,0.2,7.2,0.3,7.8,0.3,6.9,0.2,7,0.3,6.8,0.3,4.5,0.2,4.2,0.3,4.7,0.3,3,0.2,2.7,0.2,3.4,0.3,2.2,0.2,1.8,0.2,2.6,0.2,2.6,0.2,2.2,0.2,3.1,0.3,10.8,0.1,11.3,0.1,10.4,0.2,3.5,0.1,3.7,0.1,3.4,0.1,8.3,0.1,8.7,0.2,7.8,0.1,35,0.1,35.9,0.2,34.1,0.2,83.3,0.1,82.4,0.3,84.1,0.2,80.9,0.1,80,0.2,81.7,0.2,26.8,0.2,25.1,0.3,28.4,0.4,23.5,0.2,22.1,0.3,24.9,0.3,19.3,0.1,17.9,0.1,20.6,0.1,7.9,0.1,6.6,0.1,9,0.1,44.5,0.2,43.1,0.3,45.6,0.2,95.6,0.6,(X),(X),(X),(X),62.4,0.2,(X),(X),(X),(X),31.3,0.2,(X),(X),(X),(X),31.1,0.1,(X),(X),(X),(X),0.1,(X),(X),(X),(X),(X),1.5,(X),(X),(X),(X),(X)
0400000US24,24,Maryland,6016447,*****,2917773,2890,3098674,2890,6,0.1,6.4,0.1,5.7,0.1,6.3,0.1,6.6,0.2,5.9,0.2,6.2,0.1,6.6,0.2,5.9,0.2,6.4,0.1,6.7,0.1,6.1,0.1,6.6,0.1,6.8,0.1,6.3,0.1,7,0.1,7.2,0.1,6.8,0.1,6.9,0.1,6.9,0.1,6.8,0.1,6.7,0.1,6.8,0.2,6.6,0.2,6.1,0.1,6,0.2,6.1,0.2,6.9,0.1,6.9,0.1,6.9,0.1,7.3,0.1,7.2,0.1,7.4,0.1,7,0.1,6.9,0.2,7.1,0.2,6.2,0.1,5.9,0.2,6.4,0.1,5.1,0.1,4.9,0.1,5.4,0.1,3.5,0.1,3.2,0.1,3.7,0.1,2.5,0.1,2.2,0.1,2.7,0.1,1.7,0.1,1.4,0.1,1.9,0.1,1.8,0.1,1.3,0.1,2.4,0.1,12.5,0.1,13.2,0.1,11.8,0.1,3.9,0.1,4,0.1,3.7,0.1,9.1,0.1,9.6,0.1,8.7,0.1,39.5,0.1,40.5,0.1,38.6,0.1,80.1,0.1,79,0.1,81.1,0.1,77.6,0.1,76.4,0.1,78.8,0.1,20.7,0.1,18.9,0.2,22.5,0.2,18.2,0.1,16.4,0.2,19.9,0.1,14.6,0.1,13,0.1,16.1,0.1,6,0.1,4.8,0.1,7,0.1,38.5,0.2,37,0.2,40,0.2,94.2,0.2,(X),(X),(X),(X),58.6,0.1,(X),(X),(X),(X),23.1,0.1,(X),(X),(X),(X),35.5,0.1,(X),(X),(X),(X),0.1,(X),(X),(X),(X),(X),1.5,(X),(X),(X),(X),(X)
0400000US25,25,Massachusetts,6811779,*****,3305817,2430,3505962,2430,5.3,0.1,5.5,0.1,5,0.1,5.3,0.1,5.6,0.2,5.1,0.1,5.9,0.1,6.3,0.2,5.6,0.1,6.8,0.1,7,0.1,6.6,0.1,7.3,0.1,7.5,0.1,7.1,0.1,7.1,0.1,7.4,0.1,6.9,0.1,6.8,0.1,7,0.1,6.7,0.1,6,0.1,6,0.2,6,0.2,6.1,0.1,6.2,0.2,6,0.2,6.8,0.1,6.8,0.1,6.7,0.1,7.3,0.1,7.4,0.1,7.3,0.1,7.1,0.1,6.9,0.1,7.2,0.1,6.4,0.1,6.4,0.1,6.4,0.1,5.1,0.1,5,0.1,5.3,0.1,3.9,0.1,3.6,0.1,4.1,0.1,2.6,0.1,2.3,0.1,2.9,0.1,1.9,0.1,1.6,0.1,2.2,0.1,2.3,0.1,1.5,0.1,3,0.1,11.3,0.1,11.9,0.1,10.7,0.1,3.7,0.1,3.8,0.1,3.5,0.1,10.4,0.1,10.6,0.1,10.1,0.1,40.1,0.1,41.1,0.1,39.2,0.1,82.2,0.1,81.3,0.1,83.2,0.1,79.8,0.1,78.7,0.1,80.8,0.1,22.1,0.1,20.4,0.1,23.8,0.1,19.5,0.1,17.8,0.1,21.2,0.1,15.8,0.1,14,0.1,17.4,0.1,6.8,0.1,5.4,0.1,8,0.1,39.5,0.1,37.9,0.2,40.9,0.1,94.3,0.1,(X),(X),(X),(X),56.3,0.1,(X),(X),(X),(X),24.7,0.1,(X),(X),(X),(X),31.6,0.1,(X),(X),(X),(X),0.1,(X),(X),(X),(X),(X),1.3,(X),(X),(X),(X),(X)
0400000US26,26,Michigan,9928300,*****,4883220,3044,5045080,3044,5.8,0.1,6,0.1,5.5,0.1,6,0.1,6.2,0.1,5.8,0.1,6.2,0.1,6.5,0.1,6,0.1,6.8,0.1,7,0.1,6.5,0.1,7.1,0.1,7.4,0.1,6.8,0.1,6.6,0.1,6.8,0.1,6.4,0.1,6,0.1,6.1,0.1,5.9,0.1,5.9,0.1,5.9,0.1,5.8,0.1,5.8,0.1,5.8,0.1,5.8,0.1,6.5,0.1,6.6,0.1,6.5,0.1,7.1,0.1,7.1,0.1,7,0.1,7.3,0.1,7.2,0.1,7.5,0.1,6.7,0.1,6.6,0.1,6.8,0.1,5.6,0.1,5.4,0.1,5.7,0.1,3.9,0.1,3.7,0.1,4.1,0.1,2.7,0.1,2.4,0.1,3,0.1,1.9,0.1,1.6,0.1,2.2,0.1,2.1,0.1,1.5,0.1,2.7,0.1,12.3,0.1,12.8,0.1,11.8,0.1,4,0.1,4.2,0.1,3.9,0.1,9.8,0.1,10.3,0.1,9.4,0.1,38.1,0.1,39.1,0.1,37.2,0.1,80.6,0.1,79.8,0.1,81.3,0.1,77.9,0.1,77.1,0.1,78.8,0.1,22.9,0.1,21.3,0.1,24.5,0.1,20.1,0.1,18.5,0.1,21.7,0.1,16.2,0.1,14.6,0.1,17.7,0.1,6.7,0.1,5.5,0.1,7.9,0.1,39.7,0.2,38.2,0.2,41.1,0.1,96.8,0.1,(X),(X),(X),(X),62,0.1,(X),(X),(X),(X),26.3,0.1,(X),(X),(X),(X),35.8,0.1,(X),(X),(X),(X),0.1,(X),(X),(X),(X),(X),1,(X),(X),(X),(X),(X)
0400000US27,27,Minnesota,5519952,*****,2747946,3202,2772006,3202,6.4,0.1,6.6,0.1,6.1,0.1,6.7,0.1,6.8,0.2,6.5,0.2,6.4,0.1,6.6,0.2,6.2,0.2,6.5,0.1,6.6,0.1,6.3,0.1,6.6,0.1,6.8,0.1,6.5,0.1,6.6,0.1,6.8,0.1,6.4,0.1,6.9,0.1,7,0.1,6.8,0.1,6.6,0.1,6.7,0.2,6.4,0.2,5.8,0.1,5.9,0.2,5.7,0.1,6.3,0.1,6.4,0.1,6.2,0.1,6.9,0.1,6.9,0.1,6.9,0.1,7.1,0.1,7.1,0.1,7.1,0.1,6.3,0.1,6.2,0.1,6.4,0.1,5.1,0.1,5,0.1,5.2,0.1,3.5,0.1,3.3,0.1,3.7,0.1,2.4,0.1,2.3,0.1,2.6,0.1,1.9,0.1,1.5,0.1,2.2,0.1,2.2,0.1,1.6,0.1,2.8,0.1,13.1,0.1,13.4,0.1,12.7,0.1,3.9,0.1,4,0.1,3.8,0.1,9.2,0.1,9.4,0.1,9,0.1,38.9,0.1,39.8,0.1,38,0.1,79.3,0.1,78.7,0.1,79.9,0.1,76.7,0.1,75.9,0.1,77.4,0.1,21.4,0.1,19.9,0.1,22.9,0.1,18.8,0.1,17.3,0.1,20.2,0.1,15,0.1,13.6,0.1,16.5,0.1,6.5,0.1,5.3,0.1,7.7,0.1,37.9,0.2,36.9,0.2,39,0.2,99.1,0.2,(X),(X),(X),(X),62.3,0.1,(X),(X),(X),(X),24.4,0.1,(X),(X),(X),(X),37.9,0.1,(X),(X),(X),(X),0.1,(X),(X),(X),(X),(X),0.9,(X),(X),(X),(X),(X)
0400000US28,28,Mississippi,2988726,*****,1440934,5584,1547792,5584,6.3,0.1,6.5,0.2,6,0.2,6.9,0.2,7.2,0.3,6.5,0.3,7,0.2,7.3,0.3,6.6,0.3,7.4,0.2,7.7,0.4,7,0.3,7.1,0.2,7.5,0.3,6.6,0.2,6.5,0.2,6.6,0.3,6.3,0.2,6.2,0.2,6.1,0.2,6.3,0.2,6.3,0.3,6.2,0.3,6.4,0.3,6.2,0.3,6.3,0.3,6.2,0.3,6.1,0.1,6.2,0.2,6,0.2,6.4,0.1,6.4,0.1,6.5,0.2,6.5,0.2,6.3,0.2,6.7,0.2,6.1,0.2,6.1,0.2,6.2,0.2,5.3,0.1,5.3,0.2,5.3,0.2,3.7,0.1,3.5,0.2,3.9,0.2,2.6,0.1,2.3,0.2,2.8,0.2,1.7,0.1,1.4,0.1,2,0.1,1.7,0.1,1,0.1,2.4,0.1,13.8,0.1,14.6,0.2,13.2,0.2,4.1,0.1,4.3,0.2,3.9,0.2,10.3,0.2,11,0.3,9.7,0.2,39.6,0.2,40.4,0.3,38.9,0.3,78.6,0.2,77.4,0.3,79.7,0.3,75.8,0.1,74.6,0.3,76.9,0.2,21.2,0.2,19.6,0.3,22.6,0.3,18.7,0.2,17.2,0.2,20.1,0.2,15,0.1,13.6,0.1,16.4,0.1,6,0.1,4.7,0.1,7.2,0.1,37.2,0.2,35.8,0.3,38.4,0.3,93.1,0.7,(X),(X),(X),(X),64.6,0.2,(X),(X),(X),(X),24.8,0.1,(X),(X),(X),(X),39.8,0.2,(X),(X),(X),(X),0.1,(X),(X),(X),(X),(X),1.1,(X),(X),(X),(X),(X)
0400000US29,29,Missouri,6093000,*****,2994651,4432,3098349,4432,6.1,0.1,6.4,0.1,5.8,0.1,6.3,0.1,6.6,0.2,6,0.2,6.5,0.1,6.7,0.2,6.2,0.2,6.8,0.1,7.1,0.1,6.6,0.1,6.7,0.1,7,0.1,6.3,0.1,6.7,0.1,6.8,0.1,6.6,0.1,6.4,0.1,6.5,0.1,6.3,0.1,6.3,0.2,6.4,0.2,6.3,0.2,5.8,0.2,5.8,0.2,5.8,0.2,6.2,0.1,6.2,0.1,6.1,0.1,6.8,0.1,6.8,0.1,6.8,0.1,7.1,0.1,7,0.2,7.2,0.1,6.3,0.1,6.1,0.1,6.4,0.1,5.3,0.1,5.1,0.1,5.6,0.1,3.9,0.1,3.7,0.1,4,0.1,2.7,0.1,2.4,0.1,3.1,0.1,2,0.1,1.7,0.1,2.3,0.1,2.1,0.1,1.5,0.1,2.6,0.1,12.8,0.1,13.4,0.1,12.2,0.1,4,0.1,4.1,0.1,3.8,0.1,9.6,0.1,10.1,0.1,9.1,0.1,38.7,0.1,39.7,0.2,37.8,0.1,79.8,0.1,78.9,0.1,80.7,0.1,77.2,0.1,76.1,0.1,78.2,0.1,22.3,0.1,20.5,0.2,24,0.2,19.6,0.1,17.8,0.1,21.3,0.1,16,0.1,14.4,0.1,17.6,0.1,6.8,0.1,5.6,0.1,8,0.1,38.4,0.2,37.1,0.2,40,0.2,96.7,0.3,(X),(X),(X),(X),63.5,0.2,(X),(X),(X),(X),26.2,0.1,(X),(X),(X),(X),37.3,0.1,(X),(X),(X),(X),0.1,(X),(X),(X),(X),(X),1.4,(X),(X),(X),(X),(X)
0400000US30,30,Montana,1042520,*****,526023,2537,516497,2537,5.9,0.1,6,0.2,5.7,0.2,6.1,0.3,6.2,0.4,5.9,0.4,6.3,0.3,6.4,0.3,6.2,0.4,6.3,0.2,6.6,0.3,6,0.3,7.1,0.2,7.3,0.3,6.8,0.3,6,0.2,6.2,0.3,5.8,0.2,6.2,0.1,6,0.2,6.3,0.2,6,0.3,6.3,0.4,5.8,0.4,5.5,0.3,5.7,0.4,5.3,0.3,5.9,0.2,5.8,0.2,6,0.2,6.4,0.1,6.3,0.1,6.4,0.1,7.5,0.3,7.4,0.4,7.5,0.4,7.3,0.3,6.9,0.4,7.6,0.4,6.2,0.2,6,0.3,6.5,0.3,4.3,0.2,4.5,0.3,4.1,0.3,3,0.2,2.7,0.2,3.3,0.3,2,0.2,1.9,0.2,2.2,0.3,2.1,0.2,1.6,0.2,2.6,0.3,12.4,0.2,12.6,0.3,12.1,0.2,3.7,0.1,4,0.2,3.3,0.2,9.7,0.2,9.9,0.3,9.6,0.3,37.1,0.2,38.2,0.3,36,0.3,80.5,0.2,79.9,0.3,81,0.3,78.1,0.2,77.3,0.3,78.8,0.3,24.9,0.3,23.6,0.4,26.3,0.4,22,0.3,20.9,0.4,23.1,0.4,17.6,0.1,16.7,0.1,18.6,0.1,7.1,0.1,6.2,0.1,8.1,0.1,40.1,0.3,38.9,0.4,41.3,0.4,101.8,1,(X),(X),(X),(X),65.5,0.5,(X),(X),(X),(X),29.2,0.2,(X),(X),(X),(X),36.3,0.4,(X),(X),(X),(X),0.1,(X),(X),(X),(X),(X),2,(X),(X),(X),(X),(X)
0400000US31,31,Nebraska,1907116,*****,950124,2703,956992,2703,6.9,0.1,7,0.1,6.9,0.2,7,0.2,6.9,0.3,7,0.3,7,0.2,7.4,0.3,6.6,0.2,6.8,0.1,7,0.2,6.7,0.2,7.1,0.1,7.3,0.2,6.9,0.2,6.5,0.1,6.8,0.2,6.2,0.1,6.9,0.1,7,0.2,6.8,0.1,6.4,0.2,6.4,0.3,6.3,0.3,5.9,0.2,6,0.3,5.7,0.3,5.7,0.1,5.8,0.1,5.6,0.1,6.3,0.1,6.3,0.1,6.2,0.1,6.5,0.2,6.6,0.2,6.3,0.2,6.2,0.2,6,0.2,6.4,0.2,4.9,0.2,4.8,0.2,5,0.2,3.4,0.1,3.2,0.2,3.6,0.2,2.4,0.1,2.3,0.1,2.6,0.2,2,0.1,1.5,0.1,2.5,0.2,2.2,0.1,1.6,0.1,2.7,0.2,13.9,0.1,14.3,0.1,13.5,0.2,4,0.1,4.1,0.1,3.9,0.1,9.9,0.1,10.1,0.2,9.7,0.1,39.6,0.2,40.6,0.2,38.5,0.2,77.8,0.1,77.3,0.2,78.4,0.2,75.1,0.1,74.6,0.2,75.7,0.2,21.2,0.2,19.4,0.2,22.9,0.2,18.5,0.2,16.8,0.2,20.2,0.2,15,0.1,13.4,0.1,16.5,0.1,6.6,0.1,5.4,0.1,7.8,0.1,36.3,0.2,35.4,0.2,37.3,0.3,99.3,0.6,(X),(X),(X),(X),66.2,0.2,(X),(X),(X),(X),24.9,0.1,(X),(X),(X),(X),41.3,0.1,(X),(X),(X),(X),0.1,(X),(X),(X),(X),(X),1.7,(X),(X),(X),(X),(X)
0400000US32,32,Nevada,2940058,*****,1473153,2014,1466905,2014,6.2,0.1,6.4,0.1,6.1,0.1,6.4,0.2,6.5,0.2,6.4,0.3,6.5,0.2,6.6,0.2,6.4,0.3,6.1,0.1,6.3,0.1,6,0.1,6.3,0.1,6.4,0.1,6.2,0.1,7.3,0.1,7.4,0.1,7.2,0.1,7.1,0.1,7.2,0.1,7,0.1,6.7,0.2,6.7,0.3,6.7,0.2,6.6,0.2,6.7,0.3,6.5,0.3,6.7,0.1,6.8,0.1,6.5,0.1,6.6,0.1,6.7,0.1,6.6,0.1,6.4,0.2,6.5,0.2,6.2,0.2,6,0.2,5.6,0.2,6.4,0.2,5.4,0.2,5.1,0.2,5.7,0.2,4,0.2,4,0.2,4,0.2,2.6,0.1,2.5,0.1,2.8,0.2,1.6,0.1,1.5,0.1,1.8,0.1,1.3,0.1,1,0.1,1.7,0.1,12.9,0.1,13.1,0.1,12.8,0.1,3.9,0.1,4,0.1,3.7,0.1,8.6,0.1,8.7,0.1,8.4,0.1,40.1,0.1,40.8,0.1,39.5,0.1,79.6,0.1,79.3,0.2,79.9,0.2,77,0.1,76.5,0.1,77.4,0.1,21,0.2,19.7,0.2,22.3,0.3,18.5,0.2,17.3,0.2,19.6,0.2,15,0.1,14.1,0.1,15.9,0.1,5.6,0.1,5,0.1,6.3,0.1,37.9,0.2,37.2,0.3,38.5,0.2,100.4,0.3,(X),(X),(X),(X),61.5,0.1,(X),(X),(X),(X),24.3,0.1,(X),(X),(X),(X),37.2,0.1,(X),(X),(X),(X),0.1,(X),(X),(X),(X),(X),1.5,(X),(X),(X),(X),(X)
0400000US33,33,New Hampshire,1334795,*****,664722,1972,670073,1972,4.8,0.1,5.1,0.2,4.5,0.1,5.6,0.2,5.7,0.3,5.4,0.3,5.4,0.2,5.7,0.4,5.2,0.3,6.6,0.2,6.9,0.3,6.2,0.2,6.6,0.2,6.9,0.3,6.4,0.2,6.1,0.1,6.4,0.1,5.8,0.2,5.9,0.1,6.1,0.1,5.8,0.2,5.9,0.3,5.9,0.4,6,0.4,5.5,0.3,5.4,0.3,5.6,0.3,7,0.1,7,0.1,7,0.1,8.1,0.1,8.2,0.2,8.1,0.1,8.3,0.3,8.3,0.4,8.2,0.3,7.1,0.3,6.9,0.4,7.3,0.3,6.1,0.2,5.9,0.2,6.2,0.4,4,0.2,3.9,0.2,4.2,0.3,2.7,0.2,2.5,0.2,2.9,0.2,2,0.2,1.7,0.2,2.2,0.3,2.2,0.2,1.5,0.2,3,0.2,11,0.1,11.3,0.1,10.6,0.1,3.7,0.1,3.9,0.1,3.5,0.1,9.5,0.1,9.9,0.2,9.2,0.2,36.6,0.1,37.5,0.2,35.8,0.2,83,0.2,82.4,0.3,83.6,0.2,80.5,0.1,79.7,0.2,81.4,0.2,24.1,0.3,22.5,0.4,25.7,0.4,21.2,0.2,19.6,0.3,22.7,0.3,17,0.1,15.5,0.1,18.4,0.1,6.9,0.1,5.7,0.1,8,0.1,42.7,0.3,41.4,0.3,44.1,0.3,99.2,0.6,(X),(X),(X),(X),57.4,0.3,(X),(X),(X),(X),26.8,0.2,(X),(X),(X),(X),30.6,0.2,(X),(X),(X),(X),0,(X),(X),(X),(X),(X),1.5,(X),(X),(X),(X),(X)
0400000US34,34,New Jersey,8944469,*****,4370211,2131,4574258,2131,5.8,0.1,6.1,0.1,5.6,0.1,6.2,0.1,6.4,0.2,5.9,0.1,6.3,0.1,6.6,0.2,6,0.1,6.4,0.1,6.8,0.1,6,0.1,6.4,0.1,6.7,0.1,6,0.1,6.4,0.1,6.7,0.1,6.2,0.1,6.5,0.1,6.7,0.1,6.3,0.1,6.7,0.1,6.7,0.2,6.7,0.1,6.2,0.1,6.3,0.2,6.1,0.1,7,0.1,7,0.1,7,0.1,7.4,0.1,7.4,0.1,7.5,0.1,7.2,0.1,7.2,0.1,7.2,0.1,6.2,0.1,6,0.1,6.3,0.1,5.1,0.1,4.8,0.1,5.3,0.1,3.7,0.1,3.4,0.1,4,0.1,2.6,0.1,2.2,0.1,2.9,0.1,1.8,0.1,1.5,0.1,2.1,0.1,2.2,0.1,1.5,0.1,2.9,0.1,12.4,0.1,13,0.1,11.9,0.1,4,0.1,4.2,0.1,3.8,0.1,8.8,0.1,9.3,0.1,8.3,0.1,38.6,0.1,39.9,0.1,37.3,0.1,80.5,0.1,79.5,0.1,81.4,0.1,77.8,0.1,76.8,0.1,78.8,0.1,21.5,0.1,19.5,0.1,23.5,0.1,18.8,0.1,16.9,0.1,20.7,0.1,15.3,0.1,13.4,0.1,17.2,0.1,6.6,0.1,5.3,0.1,7.9,0.1,39.5,0.1,38,0.2,41,0.2,95.5,0.1,(X),(X),(X),(X),60.1,0.1,(X),(X),(X),(X),24.6,0.1,(X),(X),(X),(X),35.5,0.1,(X),(X),(X),(X),0.1,(X),(X),(X),(X),(X),1.7,(X),(X),(X),(X),(X)
0400000US35,35,New Mexico,2081015,*****,1030224,3062,1050791,3062,6,0.1,6.1,0.2,5.9,0.1,6.6,0.3,6.6,0.3,6.6,0.4,6.8,0.3,7.2,0.3,6.4,0.4,6.9,0.2,7.3,0.3,6.6,0.2,6.8,0.2,7.1,0.3,6.5,0.3,6.8,0.2,7.3,0.2,6.4,0.2,6.5,0.2,6.7,0.2,6.3,0.2,6.2,0.3,6.4,0.4,6,0.3,5.8,0.2,5.7,0.3,5.8,0.3,5.7,0.1,5.5,0.2,5.8,0.2,6.3,0.1,6.2,0.2,6.4,0.2,6.7,0.2,6.4,0.3,7,0.2,6.4,0.2,6.2,0.3,6.6,0.2,5.8,0.2,5.5,0.2,6,0.3,4,0.2,3.7,0.2,4.2,0.3,2.9,0.1,2.6,0.2,3.2,0.2,1.9,0.1,1.8,0.2,2,0.2,1.9,0.1,1.5,0.2,2.3,0.2,13.4,0.1,13.8,0.1,13,0.1,4.1,0.1,4.3,0.2,3.9,0.1,9.6,0.2,10,0.2,9.2,0.2,39,0.2,40.5,0.3,37.5,0.2,79.3,0.1,78.8,0.2,79.9,0.3,76.5,0.1,75.7,0.2,77.2,0.2,22.9,0.2,21.4,0.3,24.3,0.3,20.2,0.2,18.6,0.2,21.8,0.3,16.4,0.1,15.2,0.1,17.7,0.1,6.7,0.1,5.9,0.1,7.5,0.1,37.7,0.2,36.2,0.3,39.3,0.4,98,0.6,(X),(X),(X),(X),66.6,0.2,(X),(X),(X),(X),27.4,0.1,(X),(X),(X),(X),39.2,0.1,(X),(X),(X),(X),0,(X),(X),(X),(X),(X),1.9,(X),(X),(X),(X),(X)
0400000US36,36,New York,19745289,*****,9582050,4460,10163239,4460,5.9,0.1,6.2,0.1,5.6,0.1,5.8,0.1,6.2,0.1,5.5,0.1,5.8,0.1,6,0.1,5.6,0.1,6.3,0.1,6.6,0.1,6,0.1,7,0.1,7.3,0.1,6.8,0.1,7.6,0.1,7.8,0.1,7.4,0.1,7,0.1,7.2,0.1,6.9,0.1,6.5,0.1,6.6,0.1,6.4,0.1,6,0.1,6,0.1,5.9,0.1,6.7,0.1,6.7,0.1,6.6,0.1,7.1,0.1,7.1,0.1,7.1,0.1,6.8,0.1,6.7,0.1,6.9,0.1,6.2,0.1,6.1,0.1,6.3,0.1,5.1,0.1,4.8,0.1,5.3,0.1,3.6,0.1,3.4,0.1,3.9,0.1,2.5,0.1,2.2,0.1,2.8,0.1,1.9,0.1,1.6,0.1,2.2,0.1,2.2,0.1,1.5,0.1,2.9,0.1,11.6,0.1,12.3,0.1,11,0.1,3.7,0.1,3.9,0.1,3.5,0.1,9.7,0.1,10,0.1,9.4,0.1,40.4,0.1,41.5,0.1,39.4,0.1,81.3,0.1,80.3,0.1,82.2,0.1,78.8,0.1,77.7,0.1,79.9,0.1,21.5,0.1,19.6,0.1,23.4,0.1,18.9,0.1,17,0.1,20.7,0.1,15.3,0.1,13.5,0.1,17.1,0.1,6.7,0.1,5.3,0.1,7.9,0.1,38.4,0.1,36.9,0.1,39.9,0.1,94.3,0.1,(X),(X),(X),(X),57.5,0.1,(X),(X),(X),(X),24.2,0.1,(X),(X),(X),(X),33.3,0.1,(X),(X),(X),(X),0.1,(X),(X),(X),(X),(X),2.1,(X),(X),(X),(X),(X)
0400000US37,37,North Carolina,10146788,*****,4933381,6593,5213407,6593,5.9,0.1,6.2,0.1,5.6,0.1,6.4,0.1,6.8,0.1,6,0.1,6.5,0.1,6.8,0.1,6.2,0.1,6.8,0.1,7.2,0.1,6.4,0.1,6.7,0.1,7.1,0.1,6.4,0.1,6.7,0.1,6.8,0.1,6.6,0.1,6.3,0.1,6.3,0.1,6.3,0.1,6.4,0.1,6.3,0.2,6.4,0.2,6.5,0.1,6.5,0.1,6.4,0.2,6.8,0.1,6.9,0.1,6.7,0.1,6.8,0.1,6.8,0.1,6.8,0.1,6.6,0.1,6.6,0.1,6.7,0.1,6.1,0.1,5.9,0.1,6.4,0.1,5.4,0.1,5.2,0.1,5.6,0.1,3.9,0.1,3.6,0.1,4.2,0.1,2.7,0.1,2.4,0.1,3,0.1,1.8,0.1,1.5,0.1,2.2,0.1,1.6,0.1,1.2,0.1,2.1,0.1,12.8,0.1,13.5,0.1,12.2,0.1,3.9,0.1,4.2,0.1,3.7,0.1,9.6,0.1,10.1,0.1,9.1,0.1,39.4,0.1,40.2,0.1,38.6,0.1,80,0.1,78.9,0.1,81,0.1,77.4,0.1,76.1,0.1,78.5,0.1,21.6,0.1,19.7,0.1,23.4,0.1,19.1,0.1,17.3,0.1,20.8,0.1,15.5,0.1,13.9,0.1,16.9,0.1,6.1,0.1,5,0.1,7.2,0.1,38.7,0.1,37.3,0.2,40,0.2,94.6,0.2,(X),(X),(X),(X),61.5,0.1,(X),(X),(X),(X),25,0.1,(X),(X),(X),(X),36.6,0.1,(X),(X),(X),(X),0.1,(X),(X),(X),(X),(X),1.3,(X),(X),(X),(X),(X)
0400000US38,38,North Dakota,757953,*****,390181,2294,367772,2294,7.2,0.2,7.6,0.3,6.8,0.2,6.6,0.3,6.4,0.4,6.8,0.5,5.9,0.3,6.2,0.5,5.6,0.4,6.4,0.3,6.3,0.3,6.6,0.4,8.5,0.3,8.9,0.3,8.2,0.4,8.1,0.3,8.6,0.4,7.5,0.4,7.2,0.3,7.4,0.3,7,0.4,6.1,0.4,6.2,0.5,6,0.5,5.3,0.4,5.6,0.5,4.9,0.5,5.2,0.1,5.2,0.2,5.1,0.1,6.3,0.2,6.4,0.3,6.2,0.2,6.7,0.3,6.6,0.4,6.8,0.4,5.9,0.3,5.9,0.4,6,0.3,4.6,0.2,4.5,0.3,4.8,0.4,3.1,0.2,3,0.3,3.3,0.4,2.6,0.2,2.1,0.2,3,0.3,1.8,0.2,1.4,0.2,2.2,0.2,2.4,0.2,1.7,0.2,3.1,0.3,12.5,0.2,12.5,0.3,12.4,0.3,3.3,0.1,3.2,0.2,3.5,0.2,11.7,0.3,12,0.3,11.3,0.4,41.7,0.3,43,0.5,40.2,0.4,79.2,0.2,78.8,0.4,79.6,0.3,77,0.2,76.7,0.4,77.3,0.3,20.4,0.3,18.6,0.4,22.4,0.4,18,0.3,16.1,0.4,20,0.4,14.5,0.1,12.7,0.1,16.4,0.3,6.7,0.1,5.2,0.1,8.3,0.1,35,0.3,34.1,0.3,36.3,0.4,106.1,1.3,(X),(X),(X),(X),60.1,0.5,(X),(X),(X),(X),23.2,0.2,(X),(X),(X),(X),36.9,0.4,(X),(X),(X),(X),0,(X),(X),(X),(X),(X),1.1,(X),(X),(X),(X),(X)
0400000US39,39,Ohio,11614373,*****,5691600,5306,5922773,5306,6,0.1,6.2,0.1,5.7,0.1,6.1,0.1,6.5,0.1,5.8,0.1,6.4,0.1,6.5,0.1,6.2,0.1,6.6,0.1,6.9,0.1,6.3,0.1,6.7,0.1,7,0.1,6.4,0.1,6.7,0.1,6.9,0.1,6.5,0.1,6.2,0.1,6.4,0.1,6.1,0.1,6.1,0.1,6.1,0.1,6,0.1,5.8,0.1,5.9,0.1,5.7,0.1,6.4,0.1,6.5,0.1,6.4,0.1,6.9,0.1,6.9,0.1,6.9,0.1,7.3,0.1,7.2,0.1,7.3,0.1,6.6,0.1,6.5,0.1,6.7,0.1,5.5,0.1,5.3,0.1,5.7,0.1,3.8,0.1,3.5,0.1,4.1,0.1,2.8,0.1,2.5,0.1,3.1,0.1,2,0.1,1.6,0.1,2.3,0.1,2.2,0.1,1.5,0.1,2.8,0.1,12.5,0.1,13,0.1,12,0.1,4,0.1,4.2,0.1,3.8,0.1,9.3,0.1,9.7,0.1,8.9,0.1,38.1,0.1,39.2,0.1,37.1,0.1,80.2,0.1,79.4,0.1,81,0.1,77.5,0.1,76.6,0.1,78.4,0.1,22.8,0.1,20.9,0.1,24.6,0.1,20,0.1,18.1,0.1,21.9,0.1,16.2,0.1,14.4,0.1,17.9,0.1,6.9,0.1,5.6,0.1,8.2,0.1,39.3,0.1,37.9,0.1,40.7,0.2,96.1,0.2,(X),(X),(X),(X),63.1,0.1,(X),(X),(X),(X),26.5,0.1,(X),(X),(X),(X),36.6,0.1,(X),(X),(X),(X),0.1,(X),(X),(X),(X),(X),1.3,(X),(X),(X),(X),(X)
0400000US40,40,Oklahoma,3923561,*****,1943273,2726,1980288,2726,6.7,0.1,7,0.1,6.5,0.1,6.9,0.1,7.2,0.2,6.7,0.2,6.9,0.1,7.2,0.2,6.6,0.2,6.8,0.1,7.1,0.1,6.4,0.1,7.1,0.1,7.5,0.1,6.8,0.1,6.9,0.1,7,0.1,6.9,0.1,6.8,0.1,6.9,0.1,6.7,0.1,6.2,0.1,6.4,0.2,6.1,0.2,5.9,0.1,6,0.2,5.9,0.2,5.9,0.1,5.9,0.1,5.9,0.1,6.3,0.1,6.4,0.1,6.3,0.1,6.6,0.1,6.4,0.2,6.7,0.2,5.9,0.1,5.7,0.2,6.1,0.2,5,0.1,4.8,0.1,5.2,0.1,3.7,0.1,3.5,0.1,4,0.1,2.6,0.1,2.3,0.1,2.9,0.1,1.9,0.1,1.6,0.1,2.3,0.1,1.7,0.1,1.2,0.1,2.2,0.1,13.8,0.1,14.3,0.1,13.3,0.1,4,0.1,4.2,0.1,3.8,0.1,9.9,0.1,10.5,0.1,9.4,0.1,39.8,0.1,40.8,0.1,38.7,0.1,78.1,0.1,77.3,0.1,78.9,0.1,75.5,0.1,74.5,0.1,76.4,0.1,20.9,0.1,19.1,0.2,22.6,0.2,18.4,0.1,16.8,0.1,20,0.2,15,0.1,13.4,0.1,16.5,0.1,6.2,0.1,5.1,0.1,7.3,0.1,36.4,0.2,35.1,0.2,37.7,0.2,98.1,0.3,(X),(X),(X),(X),65.3,0.2,(X),(X),(X),(X),24.8,0.1,(X),(X),(X),(X),40.5,0.1,(X),(X),(X),(X),0.1,(X),(X),(X),(X),(X),1.7,(X),(X),(X),(X),(X)
0400000US41,41,Oregon,4093465,*****,2026038,3925,2067427,3925,5.7,0.1,6,0.1,5.5,0.1,5.9,0.1,6.1,0.2,5.7,0.2,5.9,0.1,6,0.2,5.8,0.2,6.1,0.1,6.3,0.2,6,0.1,6.5,0.1,6.7,0.1,6.3,0.1,7,0.1,7.2,0.1,6.7,0.1,7,0.1,7.1,0.1,7,0.1,6.9,0.2,6.9,0.2,7,0.2,6.1,0.2,6.5,0.2,5.7,0.2,6.3,0.1,6.4,0.1,6.2,0.1,6.2,0.1,6.3,0.1,6.2,0.1,6.5,0.1,6.4,0.2,6.7,0.2,6.9,0.2,6.6,0.2,7.1,0.2,6.2,0.1,5.9,0.2,6.4,0.2,4,0.1,3.9,0.1,4.1,0.2,2.8,0.1,2.6,0.1,2.9,0.1,1.7,0.1,1.5,0.1,1.9,0.1,2.2,0.1,1.6,0.1,2.7,0.1,11.8,0.1,12.2,0.1,11.5,0.1,3.7,0.1,3.8,0.1,3.6,0.1,9,0.1,9.2,0.1,8.7,0.1,39.7,0.1,40.6,0.2,38.7,0.2,81.3,0.1,80.6,0.1,81.9,0.1,78.8,0.1,78.1,0.1,79.5,0.1,23.7,0.2,22.2,0.2,25.2,0.2,21,0.1,19.5,0.2,22.4,0.2,16.8,0.1,15.5,0.1,18.1,0.1,6.7,0.1,5.7,0.1,7.6,0.1,39.2,0.2,38.2,0.2,40,0.3,98,0.4,(X),(X),(X),(X),61.4,0.2,(X),(X),(X),(X),27.2,0.1,(X),(X),(X),(X),34.2,0.1,(X),(X),(X),(X),0.1,(X),(X),(X),(X),(X),1.7,(X),(X),(X),(X),(X)
0400000US42,42,Pennsylvania,12784227,*****,6262870,4620,6521357,4620,5.6,0.1,5.8,0.1,5.3,0.1,5.7,0.1,5.9,0.1,5.5,0.1,5.9,0.1,6.2,0.1,5.7,0.1,6.5,0.1,6.8,0.1,6.3,0.1,6.5,0.1,6.8,0.1,6.2,0.1,6.8,0.1,7,0.1,6.5,0.1,6.3,0.1,6.5,0.1,6.1,0.1,6,0.1,6.1,0.1,5.8,0.1,5.6,0.1,5.7,0.1,5.6,0.1,6.5,0.1,6.6,0.1,6.5,0.1,7.1,0.1,7.1,0.1,7,0.1,7.4,0.1,7.4,0.1,7.4,0.1,6.8,0.1,6.6,0.1,6.9,0.1,5.7,0.1,5.5,0.1,5.8,0.1,4,0.1,3.8,0.1,4.3,0.1,2.9,0.1,2.5,0.1,3.2,0.1,2.2,0.1,1.8,0.1,2.5,0.1,2.6,0.1,1.8,0.1,3.4,0.1,11.6,0.1,12.1,0.1,11.2,0.1,3.7,0.1,3.9,0.1,3.5,0.1,9.3,0.1,9.6,0.1,9,0.1,37.7,0.1,38.9,0.1,36.5,0.1,81.6,0.1,80.8,0.1,82.3,0.1,79.1,0.1,78.1,0.1,80,0.1,24.1,0.1,22,0.1,26.2,0.1,21.4,0.1,19.3,0.1,23.4,0.1,17.4,0.1,15.4,0.1,19.3,0.1,7.7,0.1,6.2,0.1,9.1,0.1,40.6,0.1,39,0.2,42.3,0.1,96,0.1,(X),(X),(X),(X),62.1,0.1,(X),(X),(X),(X),28.2,0.1,(X),(X),(X),(X),33.9,0.1,(X),(X),(X),(X),0.1,(X),(X),(X),(X),(X),1.2,(X),(X),(X),(X),(X)
0400000US44,44,Rhode Island,1056426,*****,511358,1550,545068,1550,5.1,0.1,5.3,0.2,5,0.2,4.9,0.3,5.3,0.5,4.4,0.4,6.1,0.3,6.3,0.5,5.9,0.4,7,0.1,7.2,0.2,6.9,0.2,7.4,0.2,7.8,0.2,7.1,0.2,7.1,0.1,7.5,0.1,6.8,0.1,6.4,0.2,6.7,0.1,6.1,0.2,5.7,0.3,5.9,0.4,5.6,0.4,5.9,0.3,6,0.4,5.9,0.4,6.6,0.1,6.5,0.1,6.7,0.1,7.3,0.1,7.3,0.1,7.3,0.1,7.5,0.3,7.3,0.4,7.7,0.5,6.5,0.3,6.4,0.4,6.6,0.5,5.3,0.2,5.1,0.3,5.4,0.3,3.9,0.2,3.8,0.3,4.1,0.3,2.5,0.2,2.5,0.2,2.6,0.3,2.1,0.2,1.7,0.2,2.5,0.3,2.6,0.2,1.5,0.2,3.7,0.3,11,0.1,11.7,0.2,10.3,0.2,3.7,0.1,3.9,0.1,3.5,0.1,10.8,0.1,11.1,0.2,10.5,0.2,39.6,0.2,41,0.2,38.2,0.2,82.8,0.2,81.8,0.3,83.6,0.2,80.3,0.1,79.2,0.2,81.3,0.2,23,0.3,21,0.4,24.8,0.5,20.2,0.3,18.1,0.3,22.3,0.4,16.5,0.1,14.6,0.1,18.3,0.1,7.3,0.1,5.7,0.1,8.8,0.1,40.2,0.2,38.4,0.3,41.9,0.4,93.8,0.6,(X),(X),(X),(X),56.8,0.3,(X),(X),(X),(X),25.8,0.2,(X),(X),(X),(X),31,0.1,(X),(X),(X),(X),0,(X),(X),(X),(X),(X),1.3,(X),(X),(X),(X),(X)
0400000US45,45,South Carolina,4961119,*****,2405343,4669,2555776,4669,5.8,0.1,6.2,0.1,5.6,0.1,6.2,0.2,6.6,0.2,5.9,0.2,6.3,0.2,6.7,0.2,6,0.2,6.7,0.1,7,0.2,6.3,0.2,6.6,0.1,7,0.2,6.3,0.1,6.8,0.1,6.9,0.1,6.7,0.1,6.2,0.1,6.3,0.1,6.1,0.1,6.4,0.2,6.3,0.2,6.4,0.2,5.9,0.2,6,0.2,5.9,0.2,6.3,0.1,6.2,0.1,6.3,0.1,6.7,0.1,6.7,0.1,6.8,0.1,6.7,0.1,6.5,0.2,6.9,0.2,6.5,0.1,6.3,0.2,6.8,0.2,6.1,0.1,5.9,0.2,6.2,0.2,4.3,0.1,4.1,0.2,4.5,0.2,2.8,0.1,2.5,0.1,3,0.1,1.8,0.1,1.6,0.1,2,0.1,1.8,0.1,1.2,0.1,2.3,0.1,12.6,0.1,13.3,0.1,11.9,0.1,3.7,0.1,3.9,0.1,3.6,0.1,9.5,0.1,10.1,0.2,9,0.1,38.6,0.1,39.6,0.2,37.7,0.2,80.4,0.1,79.2,0.2,81.4,0.2,77.8,0.1,76.7,0.1,78.9,0.1,23.3,0.1,21.5,0.2,24.9,0.2,20.5,0.1,18.9,0.2,22,0.2,16.7,0.1,15.3,0.1,18.1,0.1,6.4,0.1,5.3,0.1,7.3,0.1,39.1,0.2,37.5,0.2,40.6,0.2,94.1,0.4,(X),(X),(X),(X),63.7,0.1,(X),(X),(X),(X),27.4,0.1,(X),(X),(X),(X),36.3,0.1,(X),(X),(X),(X),0.1,(X),(X),(X),(X),(X),1.6,(X),(X),(X),(X),(X)
0400000US46,46,South Dakota,865454,*****,435668,1995,429786,1995,7,0.1,7.2,0.2,6.9,0.2,7.1,0.3,7.5,0.4,6.8,0.4,6.7,0.3,6.7,0.4,6.7,0.4,6.9,0.3,7.3,0.4,6.4,0.4,6.9,0.3,7,0.3,6.7,0.4,6.5,0.2,6.7,0.3,6.2,0.3,6.4,0.2,6.7,0.3,6.1,0.2,6.1,0.3,6.2,0.4,5.9,0.4,5.3,0.3,5.5,0.4,5.2,0.4,5.5,0.2,5.4,0.2,5.6,0.2,6.3,0.1,6.1,0.1,6.4,0.2,7,0.3,7.2,0.4,6.8,0.4,6.5,0.3,6.2,0.4,6.7,0.4,5.5,0.2,5.3,0.3,5.7,0.3,3.4,0.2,3.4,0.3,3.5,0.3,2.6,0.2,2.3,0.3,2.9,0.3,2,0.2,1.7,0.2,2.2,0.3,2.4,0.2,1.5,0.2,3.2,0.3,13.8,0.2,14.2,0.2,13.5,0.3,3.8,0.1,4.1,0.2,3.5,0.2,9.9,0.2,10.2,0.3,9.5,0.3,38,0.3,39.5,0.4,36.5,0.4,77.8,0.2,77.3,0.4,78.3,0.4,75.3,0.1,74.5,0.3,76,0.3,22.4,0.3,20.5,0.4,24.3,0.4,19.7,0.3,17.9,0.4,21.6,0.4,15.9,0.1,14.3,0.1,17.5,0.2,7,0.1,5.6,0.1,8.4,0.1,36.8,0.3,35.6,0.3,38.4,0.4,101.4,0.9,(X),(X),(X),(X),68.4,0.5,(X),(X),(X),(X),26.8,0.3,(X),(X),(X),(X),41.6,0.4,(X),(X),(X),(X),0.1,(X),(X),(X),(X),(X),1.3,(X),(X),(X),(X),(X)
0400000US47,47,Tennessee,6651194,*****,3247058,5229,3404136,5229,6.1,0.1,6.3,0.1,5.8,0.1,6.2,0.1,6.5,0.2,6,0.2,6.4,0.1,6.8,0.2,6,0.2,6.5,0.1,6.8,0.1,6.1,0.1,6.7,0.1,7,0.1,6.5,0.1,6.9,0.1,7.1,0.1,6.8,0.1,6.4,0.1,6.5,0.1,6.3,0.1,6.4,0.1,6.5,0.2,6.3,0.2,6.2,0.1,6.1,0.2,6.2,0.2,6.6,0.1,6.6,0.1,6.6,0.1,6.8,0.1,6.8,0.1,6.9,0.1,6.7,0.1,6.6,0.2,6.8,0.1,6.3,0.1,6,0.2,6.6,0.2,5.5,0.1,5.4,0.1,5.7,0.1,3.9,0.1,3.6,0.1,4.2,0.1,2.8,0.1,2.6,0.1,3.1,0.1,1.8,0.1,1.5,0.1,2.1,0.1,1.6,0.1,1.1,0.1,2.2,0.1,12.6,0.1,13.3,0.1,12,0.1,3.9,0.1,4.2,0.1,3.6,0.1,9.3,0.1,9.7,0.1,9,0.1,39.1,0.1,40.1,0.2,38.2,0.1,80,0.1,79,0.2,81,0.1,77.4,0.1,76.2,0.1,78.6,0.1,22,0.1,20.2,0.2,23.7,0.2,19.4,0.1,17.8,0.1,21,0.2,15.7,0.1,14.2,0.1,17.2,0.1,6.3,0.1,5.2,0.1,7.3,0.1,38.6,0.2,37.1,0.2,40.1,0.2,95.4,0.3,(X),(X),(X),(X),62.1,0.1,(X),(X),(X),(X),25.5,0.1,(X),(X),(X),(X),36.6,0.1,(X),(X),(X),(X),0.1,(X),(X),(X),(X),(X),1.7,(X),(X),(X),(X),(X)
0400000US48,48,Texas,27862596,*****,13830953,9002,14031643,9002,7.2,0.1,7.4,0.1,7,0.1,7.3,0.1,7.5,0.1,7.1,0.1,7.4,0.1,7.6,0.1,7.1,0.1,7.2,0.1,7.5,0.1,6.9,0.1,7.1,0.1,7.4,0.1,6.9,0.1,7.3,0.1,7.5,0.1,7.2,0.1,7.2,0.1,7.3,0.1,7.1,0.1,6.8,0.1,6.9,0.1,6.8,0.1,6.6,0.1,6.6,0.1,6.6,0.1,6.4,0.1,6.4,0.1,6.3,0.1,6.2,0.1,6.2,0.1,6.2,0.1,6,0.1,5.9,0.1,6,0.1,5.2,0.1,5,0.1,5.4,0.1,4.2,0.1,4,0.1,4.5,0.1,3,0.1,2.8,0.1,3.2,0.1,2.1,0.1,1.9,0.1,2.3,0.1,1.4,0.1,1.2,0.1,1.6,0.1,1.3,0.1,0.9,0.1,1.7,0.1,14.7,0.1,15.1,0.1,14.2,0.1,4.3,0.1,4.4,0.1,4.2,0.1,10,0.1,10.5,0.1,9.6,0.1,42.4,0.1,43.3,0.1,41.5,0.1,76.7,0.1,76,0.1,77.4,0.1,73.8,0.1,73.1,0.1,74.6,0.1,17.2,0.1,15.7,0.1,18.7,0.1,15,0.1,13.6,0.1,16.4,0.1,12,0.1,10.8,0.1,13.3,0.1,4.8,0.1,4,0.1,5.6,0.1,34.5,0.2,33.5,0.1,35.4,0.2,98.6,0.1,(X),(X),(X),(X),61.8,0.1,(X),(X),(X),(X),19.5,0.1,(X),(X),(X),(X),42.3,0.1,(X),(X),(X),(X),0.1,(X),(X),(X),(X),(X),1.5,(X),(X),(X),(X),(X)
0400000US49,49,Utah,3051217,*****,1538145,2539,1513072,2539,8.3,0.1,8.5,0.1,8.1,0.1,8.8,0.2,9,0.3,8.6,0.3,8.3,0.2,8.4,0.3,8.1,0.3,7.9,0.1,7.9,0.2,7.8,0.1,8.3,0.1,8.5,0.1,8.1,0.1,7.4,0.1,7.5,0.1,7.2,0.1,7.3,0.1,7.3,0.1,7.3,0.1,7.4,0.2,7.6,0.3,7.3,0.3,6,0.2,6,0.3,6,0.3,5.3,0.1,5.4,0.1,5.2,0.1,4.9,0.1,4.8,0.1,5,0.1,5,0.1,5,0.2,5.1,0.2,4.6,0.1,4.4,0.2,4.8,0.2,3.7,0.1,3.5,0.2,3.9,0.1,2.5,0.1,2.4,0.1,2.7,0.1,1.8,0.1,1.7,0.1,1.9,0.1,1.3,0.1,1,0.1,1.5,0.1,1.2,0.1,1,0.1,1.3,0.1,17.1,0.1,17.4,0.1,16.7,0.1,4.8,0.1,4.9,0.1,4.8,0.1,11.3,0.1,11.5,0.2,11.2,0.1,44.3,0.1,44.8,0.2,43.8,0.2,73,0.1,72.5,0.2,73.6,0.2,69.8,0.1,69.2,0.1,70.4,0.1,15,0.1,14,0.2,16.1,0.2,13.1,0.1,12.1,0.2,14.1,0.2,10.5,0.1,9.6,0.1,11.4,0.1,4.2,0.1,3.7,0.1,4.8,0.1,30.7,0.1,30.1,0.1,31.4,0.2,101.7,0.3,(X),(X),(X),(X),68.6,0.2,(X),(X),(X),(X),17.7,0.1,(X),(X),(X),(X),50.9,0.1,(X),(X),(X),(X),0,(X),(X),(X),(X),(X),1.8,(X),(X),(X),(X),(X)
0400000US50,50,Vermont,624594,*****,307874,1372,316720,1372,4.9,0.1,5.3,0.2,4.5,0.2,5.3,0.3,5.4,0.4,5.2,0.4,5.4,0.3,5.7,0.4,5.2,0.4,6.7,0.2,7.1,0.3,6.3,0.3,7.3,0.2,7.5,0.3,7.1,0.3,6,0.2,6.1,0.2,5.8,0.3,5.5,0.1,5.6,0.2,5.5,0.2,5.5,0.3,5.4,0.4,5.6,0.5,5.8,0.3,6,0.5,5.5,0.5,6.5,0.1,6.5,0.2,6.5,0.2,7.4,0.1,7.3,0.2,7.5,0.1,7.9,0.3,7.7,0.4,8.1,0.5,7.6,0.3,7.7,0.4,7.5,0.5,6.4,0.3,6.3,0.3,6.5,0.4,4.6,0.3,4.5,0.3,4.8,0.4,3,0.2,2.9,0.3,3.1,0.3,1.9,0.2,1.6,0.2,2.2,0.3,2.3,0.2,1.5,0.3,3,0.3,10.7,0.2,11,0.2,10.5,0.2,3.4,0.1,3.5,0.2,3.3,0.1,10.6,0.2,11.1,0.3,10.2,0.3,36.8,0.2,37.7,0.3,35.9,0.3,83.2,0.2,82.4,0.3,84,0.3,81,0.2,80.2,0.3,81.8,0.3,25.8,0.3,24.4,0.5,27.1,0.5,22.6,0.3,21.3,0.5,23.9,0.4,18.2,0.1,16.8,0.2,19.6,0.2,7.1,0.1,6,0.1,8.3,0.1,43.1,0.3,41.7,0.5,44.4,0.3,97.2,0.9,(X),(X),(X),(X),59.2,0.5,(X),(X),(X),(X),29,0.2,(X),(X),(X),(X),30.3,0.3,(X),(X),(X),(X),0.1,(X),(X),(X),(X),(X),1.5,(X),(X),(X),(X),(X)
0400000US51,51,Virginia,8411808,*****,4135485,5825,4276323,5825,6,0.1,6.2,0.1,5.8,0.1,6.2,0.1,6.5,0.2,6,0.1,6.2,0.1,6.4,0.2,6,0.1,6.7,0.1,7,0.1,6.4,0.1,6.9,0.1,7.3,0.1,6.4,0.1,6.9,0.1,7,0.1,6.8,0.1,6.8,0.1,6.9,0.1,6.7,0.1,6.6,0.1,6.7,0.1,6.5,0.1,6.4,0.1,6.5,0.1,6.3,0.1,6.7,0.1,6.7,0.1,6.8,0.1,7.1,0.1,7.1,0.1,7.1,0.1,6.8,0.1,6.8,0.1,6.8,0.1,6.1,0.1,5.8,0.1,6.2,0.1,5.1,0.1,4.9,0.1,5.4,0.1,3.6,0.1,3.4,0.1,3.9,0.1,2.5,0.1,2.2,0.1,2.7,0.1,1.7,0.1,1.5,0.1,1.9,0.1,1.7,0.1,1.2,0.1,2.1,0.1,12.4,0.1,12.9,0.1,12,0.1,3.8,0.1,4,0.1,3.6,0.1,9.8,0.1,10.3,0.1,9.3,0.1,40.3,0.1,41.4,0.1,39.2,0.1,80.4,0.1,79.6,0.1,81.1,0.1,77.8,0.1,76.9,0.1,78.7,0.1,20.6,0.1,18.9,0.1,22.3,0.1,18,0.1,16.4,0.1,19.6,0.1,14.6,0.1,13.1,0.1,16,0.1,5.8,0.1,4.8,0.1,6.8,0.1,38.2,0.2,37,0.2,39.5,0.2,96.7,0.3,(X),(X),(X),(X),58.2,0.1,(X),(X),(X),(X),23.1,0.1,(X),(X),(X),(X),35.1,0.1,(X),(X),(X),(X),0.1,(X),(X),(X),(X),(X),1.7,(X),(X),(X),(X),(X)
0400000US53,53,Washington,7288000,*****,3639726,3669,3648274,3669,6.2,0.1,6.3,0.1,6,0.1,6.4,0.1,6.6,0.2,6.2,0.1,6.1,0.1,6.2,0.1,5.9,0.1,6.2,0.1,6.3,0.1,6.1,0.1,6.6,0.1,6.9,0.1,6.3,0.1,7.5,0.1,7.8,0.1,7.3,0.1,7.2,0.1,7.4,0.1,7,0.1,6.9,0.1,6.9,0.1,6.9,0.1,6.1,0.1,6.2,0.2,5.9,0.2,6.5,0.1,6.6,0.1,6.4,0.1,6.6,0.1,6.6,0.1,6.5,0.1,6.7,0.1,6.6,0.1,6.7,0.1,6.3,0.1,6.1,0.2,6.6,0.1,5.3,0.1,5,0.1,5.5,0.1,3.7,0.1,3.5,0.1,3.9,0.1,2.4,0.1,2.2,0.1,2.6,0.1,1.6,0.1,1.4,0.1,1.8,0.1,1.8,0.1,1.3,0.1,2.3,0.1,12.5,0.1,12.8,0.1,12.2,0.1,3.7,0.1,3.8,0.1,3.7,0.1,9.1,0.1,9.5,0.1,8.7,0.1,40.5,0.1,41.5,0.1,39.5,0.1,80.2,0.1,79.7,0.1,80.6,0.1,77.6,0.1,77.1,0.1,78.2,0.1,21.1,0.1,19.6,0.1,22.7,0.2,18.5,0.1,17.1,0.1,19.9,0.2,14.8,0.1,13.5,0.1,16.1,0.1,5.8,0.1,4.9,0.1,6.7,0.1,37.7,0.2,36.7,0.2,38.7,0.2,99.8,0.2,(X),(X),(X),(X),59.1,0.1,(X),(X),(X),(X),23.6,0.1,(X),(X),(X),(X),35.6,0.1,(X),(X),(X),(X),0.1,(X),(X),(X),(X),(X),1.3,(X),(X),(X),(X),(X)
0400000US54,54,West Virginia,1831102,*****,900913,3026,930189,3026,5.6,0.1,5.7,0.1,5.4,0.2,5.6,0.2,5.8,0.3,5.5,0.3,5.8,0.2,6.1,0.3,5.6,0.3,6.2,0.2,6.3,0.3,6,0.3,6.3,0.2,6.8,0.3,5.8,0.3,6,0.1,6.1,0.1,6,0.1,5.8,0.1,5.9,0.2,5.6,0.1,5.9,0.2,6,0.3,5.7,0.3,6.3,0.2,6.5,0.3,6.2,0.3,6.4,0.1,6.5,0.1,6.3,0.1,6.9,0.1,7,0.1,6.8,0.1,7.4,0.3,7.3,0.3,7.6,0.4,7.1,0.3,7,0.3,7.2,0.4,6.5,0.2,6.5,0.3,6.6,0.2,4.6,0.2,4.4,0.3,4.8,0.2,3.3,0.1,3.1,0.2,3.6,0.2,2,0.1,1.7,0.2,2.3,0.1,2.3,0.1,1.6,0.2,3,0.2,11.4,0.1,11.8,0.2,11.1,0.2,3.6,0.1,3.7,0.2,3.5,0.2,8.9,0.1,9.4,0.2,8.3,0.2,36.4,0.2,37.5,0.3,35.4,0.2,81.9,0.1,81.3,0.2,82.4,0.2,79.4,0.1,78.8,0.2,80,0.2,25.9,0.3,24.2,0.3,27.5,0.4,23,0.3,21.2,0.3,24.7,0.4,18.8,0.1,17.2,0.1,20.3,0.1,7.6,0.1,6.3,0.1,8.9,0.1,42.3,0.3,41.1,0.3,43.4,0.3,96.9,0.6,(X),(X),(X),(X),64.9,0.3,(X),(X),(X),(X),31,0.2,(X),(X),(X),(X),33.9,0.2,(X),(X),(X),(X),0.1,(X),(X),(X),(X),(X),1.1,(X),(X),(X),(X),(X)
0400000US55,55,Wisconsin,5778709,*****,2872921,3718,2905788,3718,5.8,0.1,5.9,0.1,5.6,0.1,6.2,0.1,6.4,0.2,6.1,0.1,6.3,0.1,6.6,0.2,6.1,0.1,6.6,0.1,6.7,0.1,6.4,0.1,7,0.1,7.2,0.1,6.8,0.1,6.2,0.1,6.4,0.1,6,0.1,6.4,0.1,6.5,0.1,6.3,0.1,6.2,0.1,6.3,0.2,6,0.1,5.7,0.1,5.9,0.2,5.5,0.1,6.3,0.1,6.4,0.1,6.3,0.1,7.2,0.1,7.2,0.1,7.2,0.1,7.4,0.1,7.4,0.1,7.5,0.1,6.6,0.1,6.5,0.1,6.6,0.1,5.4,0.1,5.4,0.1,5.4,0.1,3.8,0.1,3.6,0.1,4,0.1,2.7,0.1,2.4,0.1,2.9,0.1,2,0.1,1.7,0.1,2.3,0.1,2.2,0.1,1.5,0.1,2.9,0.1,12.6,0.1,12.9,0.1,12.2,0.1,3.9,0.1,4,0.1,3.8,0.1,9.7,0.1,9.9,0.1,9.5,0.1,38.1,0.1,39.1,0.1,37.1,0.1,80.4,0.1,79.9,0.1,81,0.1,77.8,0.1,77.1,0.1,78.4,0.1,22.6,0.1,21.1,0.1,24.1,0.1,19.9,0.1,18.3,0.1,21.4,0.1,16,0.1,14.6,0.1,17.5,0.1,6.9,0.1,5.7,0.1,8.1,0.1,39.4,0.1,38.3,0.2,40.5,0.1,98.9,0.3,(X),(X),(X),(X),62,0.1,(X),(X),(X),(X),26,0.1,(X),(X),(X),(X),36,0.1,(X),(X),(X),(X),0.1,(X),(X),(X),(X),(X),1,(X),(X),(X),(X),(X)
0400000US56,56,Wyoming,585501,*****,298205,2006,287296,2006,6.5,0.2,6.9,0.4,6,0.4,7.5,0.5,7.4,0.6,7.7,0.6,6.4,0.5,6.2,0.6,6.5,0.7,6.4,0.3,6.2,0.5,6.6,0.5,6.5,0.4,7,0.6,6,0.4,6.9,0.3,7,0.4,6.9,0.3,6.9,0.3,7,0.5,6.8,0.4,6.2,0.4,5.9,0.6,6.5,0.5,6.1,0.5,6.4,0.5,5.7,0.7,5.7,0.3,6.2,0.4,5.2,0.4,6.1,0.2,6.1,0.2,6.1,0.3,6.7,0.4,6.4,0.6,7.1,0.6,7.1,0.4,7.4,0.6,6.8,0.6,5.2,0.3,5.2,0.4,5.2,0.5,3.9,0.3,3.8,0.4,4,0.5,2.5,0.3,2.1,0.3,2.9,0.4,1.6,0.2,1.4,0.2,1.9,0.3,1.7,0.2,1.3,0.3,2.1,0.3,13.9,0.3,13.6,0.4,14.2,0.5,3.7,0.2,3.7,0.3,3.7,0.4,9.2,0.4,9.5,0.5,8.9,0.4,39.1,0.4,39.6,0.7,38.5,0.7,78.5,0.4,78.3,0.7,78.7,0.5,75.9,0.3,75.8,0.5,76.1,0.5,22.1,0.5,21.3,0.6,22.9,0.6,19.1,0.5,18.1,0.7,20.1,0.6,15,0.1,13.8,0.2,16.1,0.3,5.8,0.1,4.8,0.2,6.9,0.2,37.2,0.4,36.6,0.6,37.8,0.5,103.8,1.4,(X),(X),(X),(X),64,0.8,(X),(X),(X),(X),24.5,0.3,(X),(X),(X),(X),39.5,0.6,(X),(X),(X),(X),0.2,(X),(X),(X),(X),(X),1.6,(X),(X),(X),(X),(X)
0400000US72,72,Puerto Rico,3411307,*****,1625567,3242,1785740,3242,4.7,0.1,5.1,0.1,4.3,0.1,5.4,0.2,5.9,0.3,5.1,0.2,6.2,0.2,6.6,0.3,5.8,0.2,7,0.1,7.6,0.2,6.4,0.2,7.2,0.1,7.5,0.2,6.8,0.2,6.4,0.1,6.6,0.1,6.2,0.1,5.7,0.1,5.8,0.2,5.7,0.1,6.5,0.2,6.4,0.3,6.5,0.3,6.4,0.2,6.4,0.3,6.5,0.3,6.3,0.1,6.3,0.2,6.3,0.1,6.6,0.1,6.3,0.1,6.8,0.1,6.5,0.2,6.3,0.3,6.6,0.2,6.2,0.2,5.9,0.3,6.5,0.2,5.9,0.1,5.6,0.2,6.1,0.2,4.9,0.1,4.5,0.2,5.1,0.2,3.6,0.1,3.3,0.2,3.8,0.1,2.4,0.1,2.2,0.1,2.6,0.1,2.2,0.1,1.6,0.1,2.8,0.1,11.6,0.1,12.5,0.1,10.9,0.1,4.1,0.1,4.5,0.1,3.7,0.1,10.1,0.1,10.7,0.1,9.5,0.1,39.2,0.1,40.4,0.2,38,0.1,82.4,0.1,81,0.2,83.6,0.2,79.6,*****,77.9,0.2,81.1,0.1,25.1,0.2,23.1,0.3,27,0.2,22.5,0.2,20.6,0.2,24.3,0.2,18.9,*****,17.2,0.1,20.5,0.1,8.2,0.1,7.1,0.1,9.2,0.1,40.7,0.2,38.8,0.2,42.5,0.2,91,0.3,(X),(X),(X),(X),64.8,*****,(X),(X),(X),(X),31.2,*****,(X),(X),(X),(X),33.6,*****,(X),(X),(X),(X),0.1,(X),(X),(X),(X),(X),1.7,(X),(X),(X),(X),(X)
